amount_invested,direction,entry_price,entry_time,wallet_balance,exit_time,exit_price,leverage,amount_exit,profit
0.25,long,13.22,1458115240,1.0,1458126053,13.572,2,0.26272595050098735,5.090380200394939
0.25318148762524684,short,13.572,1458126053,1.0127259505009873,1458130491,13.675,2,0.24916697905722296,-1.58562484393253
0.25217786048324087,long,13.675,1458130491,1.0087114419329635,1458133270,13.399,2,0.24159923499413705,-4.194906511155388
0.2495332041109649,short,13.399,1458133270,0.9981328164438596,1458219791,10.8,2,0.37476006182707067,50.184446660019894
0.28083991853999135,long,11.271,1458242370,1.1233596741599654,1458263408,10.77,2,0.25453420305041086,-9.36680071206992
0.2742634896675962,short,10.77,1458263408,1.097053958670385,1458268542,10.84,2,0.2705018930508516,-1.3715265642188246
0.2733230905134101,long,10.84,1458268542,1.0932923620536403,1458288290,10.22,2,0.24000584446772355,-12.18969315146533
0.26499377900198845,short,10.22,1458288290,1.0599751160079538,1458309648,10.0,2,0.27638621294884747,4.299132602193476
0.2678418874887032,long,10.0,1458309648,1.0713675499548128,1458327671,10.082,2,0.2719616839238257,1.5381449383253258
0.2688718365974838,short,10.082,1458327671,1.0754873463899353,1458331205,10.104,2,0.26747741000018,-0.5186212936802884
0.26852322994815786,long,10.104,1458331205,1.0740929197926314,1458406893,10.83,2,0.30421366730728194,13.291377943731206
0.27744583928793887,short,10.83,1458406893,1.1097833571517555,1458455507,10.483,2,0.29551100351472326,6.51123991376061
0.28196213034463496,long,10.483,1458455507,1.1278485213785399,1458461262,10.29,2,0.27117069228571644,-3.8272650464544404
0.27926427082990535,short,10.29,1458461262,1.1170570833196214,1458504500,10.05,2,0.29231673069816533,4.673873900685988
0.28252738579697034,long,10.05,1458504500,1.1301095431878814,1458605014,11.47,2,0.3520802685535951,24.61810297094767
0.29991560648612653,short,11.47,1458605014,1.1996624259445061,1458708106,11.789,2,0.28349000437107463,-5.4767413765151
0.29580920595736354,long,11.789,1458708106,1.1832368238294542,1458727298,11.71,2,0.2915764950785078,-1.4308922080896362
0.2947510282376496,short,11.71,1458727298,1.1790041129505984,1458731472,11.719,2,0.2940501701082052,-0.23777970636264856
0.2945758137052885,long,11.719,1458731472,1.178303254821154,1458778105,12.056,2,0.3107564870630588,5.49287232860143
0.2986209820447311,short,12.056,1458778105,1.1944839281789243,1458864135,11.239,2,0.3416243280538894,14.400644494135637
0.30937181854702067,long,11.239,1458864135,1.2374872741880827,1458914444,10.58,2,0.2706590843255323,-12.513335701779345
0.2996936349916486,short,10.58,1458914444,1.1987745399665943,1458926449,10.593,2,0.2987067691603089,-0.3292915551466976
0.29944691853381367,long,10.593,1458926449,1.1977876741352547,1458933173,10.718,2,0.3061616325778206,2.2423720627630006
0.3011255970448154,short,10.718,1458933173,1.2045023881792616,1458949312,10.661,2,0.304078598228567,0.9806543225590005
0.3018638473407533,long,10.661,1458949312,1.207455389363013,1458993928,10.699000000000002,2,0.3037473400448052,0.6239543822966549
0.30233472051676624,short,10.699000000000002,1458993928,1.209338882067065,1459008000,11.07,2,0.2818878626413076,-6.762987010062821
0.2972230060479016,long,11.07,1459008000,1.1888920241916063,1459033838,11.012,2,0.29384744366457016,-1.135700236739885
0.29637911545206874,short,11.012,1459033838,1.185516461808275,1459075945,10.806,2,0.3073865798920734,3.7139811363614195
0.2991309815620699,long,10.806,1459075945,1.1965239262482796,1459087640,10.681,2,0.291892236318948,-2.4199249456946865
0.2973212952512894,short,10.681,1459087640,1.1892851810051577,1459127047,10.571,2,0.303234404173756,1.988794283123573
0.2987995724819061,long,10.571,1459127047,1.1951982899276243,1459211262,11.502,2,0.3468053617931326,16.066217535881353
0.3108010198097127,short,11.502,1459211262,1.2432040792388508,1459249203,11.566,2,0.30711062176354487,-1.187382862651889
0.30987842029817075,long,11.566,1459249203,1.239513681192683,1459252927,11.555,2,0.3090271898859316,-0.2746981901547382
0.30966561269511095,short,11.555,1459252927,1.2386624507804438,1459256893,11.63,2,0.30542385064889555,-1.3697878848407157
0.3086051721835571,long,11.63,1459256893,1.2344206887342284,1459267442,11.782,2,0.3162878371327992,2.489480294475577
0.3105258384208676,short,11.782,1459267442,1.2421033536834705,1459296522,11.62,2,0.3188893362184744,2.6933339396612097
0.3126167128702693,long,11.62,1459296522,1.2504668514810773,1459306876,11.524,2,0.3071553868737422,-1.746971857769312
0.31125138137113756,short,11.524,1459306876,1.2450055254845502,1459317849,11.871,2,0.2928579651798173,-5.909505079236207
0.3066530273233075,long,11.871,1459317849,1.22661210929323,1459333200,11.8,2,0.30271147465617054,-1.2853460804029015
0.3056676391565233,short,11.8,1459333200,1.2226705566260931,1459339581,11.972,2,0.2966578137318937,-2.9475889071842234
0.3034151828003659,long,11.972,1459339581,1.2136607312014636,1459350764,11.773,2,0.2929245239565079,-3.457526003489539
0.3007925180894014,short,11.773,1459350764,1.2031700723576055,1459361179,12.109000000000002,2,0.28390601641009816,-5.614003229390242
0.2965708926695756,long,12.109000000000002,1459361179,1.1862835706783024,1459371845,11.932,2,0.287541256558844,-3.044680490877426
0.2943134836418927,short,11.932,1459371845,1.1772539345675708,1459375922,11.894,2,0.29593777225132933,0.5518906539168291
0.29471955579425185,long,11.894,1459375922,1.1788782231770074,1459393496,11.812,2,0.2903873377608168,-1.469945902218792
0.2936365012858931,short,11.812,1459393496,1.1745460051435723,1459481655,11.739,2,0.2970262844243583,1.1544147691518865
0.2944839470705094,long,11.739,1459481655,1.1779357882820376,1459490643,11.515999999999998,2,0.28285583381129364,-3.9486407917615938
0.29157691875570546,short,11.515999999999998,1459490643,1.1663076750228218,1459496494,11.618,2,0.2862287910927105,-1.8342081690889405
0.2902398868399567,long,11.618,1459496494,1.1609595473598269,1459566226,11.49,2,0.2835422953378488,-2.3076054690584553
0.28856548896442974,short,11.49,1459566226,1.154261955857719,1459577038,11.708,2,0.277614282590541,-3.7950506185577355
0.28582768737095754,long,11.708,1459577038,1.1433107494838302,1459583449,11.45,2,0.2727343509231599,-4.580849590965146
0.28255435325900813,short,11.45,1459583449,1.1302174130360325,1459620484,11.582,2,0.2758979573185135,-2.3557930938664082
0.2808902542738845,long,11.582,1459620484,1.123561017095538,1459628698,11.681,2,0.28540243420763556,1.606385364068716
0.28201829925732225,short,11.681,1459628698,1.128073197029289,1459634509,11.761,2,0.2779567008250209,-1.440189676697338
0.2810028996492469,long,11.761,1459634509,1.1240115985969876,1459692362,11.58,2,0.2720007502879349,-3.203578814506415
0.2787523623089189,short,11.58,1459692362,1.1150094492356757,1459702965,11.565,2,0.2792365751028194,0.17370715350705102
0.27887341550739403,long,11.565,1459702965,1.1154936620295761,1459706716,11.532,2,0.2770447320963336,-0.6557395970258485
0.27841624465462894,short,11.532,1459706716,1.1136649786185158,1459717651,11.749,2,0.26793347611363383,-3.7651425670218437
0.27579555251938015,long,11.749,1459717651,1.1031822100775206,1459726414,11.61,2,0.268973245534576,-2.473682741611551
0.2740899757731791,short,11.61,1459726414,1.0963599030927165,1459728344,11.665,2,0.2712825201472038,-1.0242824890096047
0.27338811186668527,long,11.665,1459728344,1.093552447466741,1459736440,11.597,2,0.26995778975327567,-1.2547444327361095
0.2725305313383329,short,11.597,1459736440,1.0901221253533315,1459749700,11.566,2,0.27375513115410244,0.4493440825715329
0.2728366812922753,long,11.566,1459749700,1.0913467251691011,1459753662,11.487,2,0.2688613818584151,-1.4570252852480758
0.27184285643381023,short,11.487,1459753662,1.087371425735241,1459761156,11.456,2,0.2730783071588474,0.4544723893960342
0.2721517191150695,long,11.456,1459761156,1.088606876460278,1459764303,11.31,2,0.2649109944599324,-2.6605470943491136
0.27034153795128524,short,11.31,1459764303,1.081366151805141,1459807374,11.15,2,0.2778426879940967,2.774693855652761
0.2722168254619881,long,11.15,1459807374,1.0888673018479524,1459817814,11.104,2,0.26973596258476906,-0.9113554509383077
0.27159660974268335,short,11.104,1459817814,1.0863864389707334,1459843347,10.948,2,0.2790781403302012,2.7546480033775067
0.2734669923895628,long,10.948,1459843347,1.0938679695582512,1459983766,10.62,2,0.2563822743466966,-6.24745161877835
0.26919581287884625,short,10.62,1459983766,1.076783251515385,1459987334,10.72,2,0.26396377267594895,-1.9435815687267117
0.2678878028281219,long,10.72,1459987334,1.0715512113124877,1460027923,10.4,2,0.251213589936238,-6.224327018943142
0.2637192496051509,short,10.4,1460027923,1.0548769984206037,1460083210,10.233,2,0.27207188452208186,3.1672450643769023
0.26580740833438365,long,10.233,1460083210,1.0632296333375346,1460102616,9.659,2,0.23406340258146663,-11.942483451395498
0.2578714068961544,short,9.659,1460102616,1.0314856275846176,1460124071,9.799,2,0.25031136370052776,-2.9317105322464445
0.25598139609724774,long,9.799,1460124071,1.023925584388991,1460165110,9.85,2,0.25840908991753464,0.9483868192376831
0.2565883195523195,short,9.85,1460165110,1.026353278209278,1460167428,9.905,2,0.2535317704034592,-1.1912269249797371
0.2558241822651044,long,9.905,1460167428,1.0232967290604176,1460214364,9.501,2,0.23390158425537,-8.569400209014072
0.2503435327626708,short,9.501,1460214364,1.0013741310506832,1460296964,8.0,2,0.37597704942876287,50.184446660019944
0.2817519119291938,long,8.449,1460300513,1.1270076477167752,1460405338,8.649,2,0.2945134303966339,4.529345827703619
0.2849422915460538,short,8.649,1460405338,1.1397691661842153,1460415897,8.699,2,0.28143724150535365,-1.2300911955478082
0.2840660290358788,long,8.699,1460415897,1.1362641161435152,1460419806,8.499,2,0.27048689996282604,-4.7802720793966005
0.2806712467676156,short,8.499,1460419806,1.1226849870704625,1460444710,8.055,2,0.31126180246557755,10.899070015280072
0.2883188856921061,long,8.055,1460444710,1.1532755427684245,1460448045,8.072000000000001,2,0.28928615799480273,0.3354869731737077
0.28856070376778026,short,8.072000000000001,1460448045,1.154242815071121,1460458835,8.05,2,0.28988760803601266,0.45983540063037376
0.28889242983483837,long,8.05,1460458835,1.1555697193393535,1460469945,7.97,2,0.28286145238801774,-2.0876204510684397
0.28738468547313323,short,7.97,1460469945,1.149538741892533,1460520008,7.246,2,0.34436006127193286,19.82547389572925
0.30162852942283314,long,7.246,1460520008,1.2065141176913325,1460599208,8.3089,2,0.3783645225115124,25.440562016966293
0.32081252769500296,short,8.3089,1460599208,1.2832501107800118,1460603694,8.405,2,0.31323140288256535,-2.363101237631531
0.31891724649189357,long,8.405,1460603694,1.2756689859675743,1460621927,8.68,2,0.3388080248657218,6.236971688620747
0.32388994108535063,short,8.68,1460621927,1.2955597643414025,1460675372,8.47,2,0.3396172699401916,4.855763288646416
0.3278217732990608,long,8.47,1460675372,1.3112870931962435,1460689638,8.3111,2,0.3150377603259843,-3.8996839180093423
0.3246257700557918,short,8.3111,1460689638,1.298503080223167,1460714830,8.607999999999999,2,0.302039267340952,-6.957704778323045
0.3189791443770818,long,8.607999999999999,1460714830,1.2759165775083272,1460718408,8.41,2,0.30372393180881807,-4.7825109688769345
0.3151653412350159,short,8.41,1460718408,1.2606613649400635,1460725609,8.5,2,0.3082486163011393,-2.1946337458213194
0.3134361600015467,long,8.5,1460725609,1.253744640006187,1460728827,8.4509,2,0.3095368305223902,-1.2440585920709522
0.3124613276317576,short,8.4509,1460728827,1.2498453105270304,1460732520,8.2301,2,0.3289007439102043,5.2612642988641785
0.3165711817013693,long,8.2301,1460732520,1.266284726805477,1460747048,8.231,2,0.3163719700753982,-0.06292790926212838
0.3165213787948765,short,8.231,1460747048,1.266085515179506,1460754204,8.3629,2,0.30630534697193335,-3.227596145903222
0.3139673708391407,long,8.3629,1460754204,1.255869483356563,1460758199,8.23,2,0.30358476212002616,-3.306906922004334
0.3113717186593621,short,8.23,1460758199,1.2454868746374483,1460787215,8.4129,2,0.297618744843015,-4.416898835758663
0.3079334752052753,long,8.4129,1460787215,1.2317339008211012,1460798210,8.202,2,0.2918732879384891,-5.215473003082932
0.30391842838857874,short,8.202,1460798210,1.215673713554315,1460812848,8.35,2,0.29292670977835966,-3.6166673631799258
0.301170498736024,long,8.35,1460812848,1.204681994944096,1460815653,8.295,2,0.29693070519747655,-1.4077718622313007
0.3001105503513871,short,8.295,1460815653,1.2004422014055485,1460820156,8.381,2,0.2937197342101837,-2.1294873284930036
0.29851284631608627,long,8.381,1460820156,1.194051385264345,1460912465,9.39,2,0.36226439920338804,21.3563850514484
0.3144507345379117,short,9.39,1460912465,1.257802938151647,1460916379,9.62,2,0.29920323746668465,-4.848930339957201
0.31063886027010496,long,9.62,1460916379,1.2425554410804198,1460919796,9.4723,2,0.30071058275622087,-3.196083550284503
0.30815679089163395,short,9.4723,1460919796,1.2326271635665358,1461072072,9.162,2,0.328692562246684,6.664065813909521
0.31329073373039645,long,9.162,1461072072,1.2531629349215858,1461093022,9.018,2,0.30304313294279983,-3.270955596284962
0.3107288335334973,short,9.018,1461093022,1.2429153341339891,1461096623,8.888,2,0.31952192653362,2.829828471381557
0.312927106783528,long,8.888,1461096623,1.251708427134112,1461099689,8.822000000000003,2,0.3079905667780314,-1.5775367165336425
0.3116929717821538,short,8.822000000000003,1461099689,1.2467718871286153,1461110400,8.8053,2,0.31260679765983046,0.2931814190264506
0.311921428251573,long,8.8053,1461110400,1.247685713006292,1461114000,8.701,2,0.3041963384795012,-2.476614003524396
0.30999015580855505,short,8.701,1461114000,1.2399606232342202,1461121207,8.64,2,0.31408859009078405,1.3221175593589267
0.3110147643791123,long,8.64,1461121207,1.2440590575164492,1461128416,8.602,2,0.3080096986876797,-0.9662131948725026
0.31026349795625413,short,8.602,1461128416,1.2410539918250165,1461150088,8.821,2,0.2946511137202512,-5.03197583307212
0.3063604018972534,long,8.821,1461150088,1.2254416075890135,1461164845,8.57,2,0.2881968744722676,-5.928810418220248
0.30181952004100693,short,8.57,1461164845,1.2072780801640277,1461168148,8.6909,2,0.2931972239943912,-2.8567721681633667
0.299663946029353,long,8.6909,1461168148,1.198655784117412,1461175203,8.477,2,0.2843222182163724,-5.119644193525313
0.29582851407610783,short,8.477,1461175203,1.1833140563044313,1461178807,8.5849,2,0.28816877004339925,-2.589251430556136
0.29391357806793067,long,8.5849,1461178807,1.1756543122717227,1461254470,8.541,2,0.2906501218107447,-1.1103455235510513
0.29309771400363416,short,8.541,1461254470,1.1723908560145366,1461267499,8.666,2,0.28442491456985697,-2.959012991029215
0.29092951414518986,long,8.666,1461267499,1.1637180565807594,1461269068,8.352,2,0.26885822481501875,-7.586473099857554
0.2854116918126471,short,8.352,1461269068,1.1416467672505883,1461355921,7.8881,2,0.318616999981312,11.634179370080565
0.2937130188548133,long,7.8881,1461355921,1.1748520754192533,1461479319,8.35,2,0.32588364563618866,10.953081653243892
0.30175567555015714,short,8.35,1461479319,1.2070227022006286,1461557611,8.02,2,0.32624172429537057,8.114527987111021
0.3078771877364605,long,8.02,1461557611,1.231508750945842,1461564367,8.086,2,0.3126305691874094,1.5439212907900577
0.3090655330991977,short,8.086,1461564367,1.2362621323967908,1461575511,8.1,2,0.30773915300693255,-0.429158204399143
0.3087339380761314,long,8.1,1461575511,1.2349357523045257,1461597745,7.74,2,0.279819436015476,-9.3655081267824
0.3015053125609676,short,7.74,1461597745,1.2060212502438703,1461665081,7.4489,2,0.32472886712829474,7.702535776258044
0.30731120120279937,long,7.4489,1461665081,1.2292448048111975,1461676808,7.265,2,0.2915288060739418,-5.13563939976353
0.30336560242058497,short,7.265,1461676808,1.2134624096823399,1461679280,7.35,2,0.29611760250065167,-2.3891963565087053
0.30155360244060164,long,7.35,1461679280,1.2062144097624066,1461729959,7.3882,2,0.30440912978793633,0.946938562240241
0.3022674842774353,short,7.3882,1461729959,1.2090699371097413,1461734401,7.3881,2,0.30201947796141826,-0.0820486254450832
0.30220548269843106,long,7.3881,1461734401,1.2088219307937242,1461776409,7.756,2,0.33055269598255155,9.380112177649666
0.3092922860194612,short,7.756,1461776409,1.2371691440778447,1461780673,7.7214,2,0.31179192765342,0.80818104652036
0.3099171964279509,long,7.7214,1461780673,1.2396687857118036,1461798341,7.8370000000000015,2,0.31877625452018854,2.8585242104489605
0.3121319609510103,short,7.8370000000000015,1461798341,1.2485278438040412,1461873858,7.451,2,0.3440890197082296,10.238316723430636
0.32012122564031514,long,7.451,1461873858,1.2804849025612606,1461879399,7.334,2,0.30965976387671823,-3.267968796093297
0.3175058601994159,short,7.334,1461879399,1.2700234407976636,1461883303,7.362999999999999,2,0.3147448865891467,-0.8695819373334209
0.3168156167968486,long,7.362999999999999,1461883303,1.2672624671873944,1461884921,7.164,2,0.29898706100449357,-5.627423285698454
0.31235847784875986,short,7.164,1461884921,1.2494339113950395,1461896329,7.376,2,0.29420402575976734,-5.8120567797691365
0.30781986482651175,long,7.376,1461896329,1.231279459306047,1461947119,7.44,2,0.31284255019901686,1.6316963089227234
0.309075536169638,short,7.44,1461947119,1.236302144678552,1461978132,7.53,2,0.30145241856334093,-2.4664254249204265
0.30716975676806374,long,7.53,1461978132,1.228679027072255,1462003633,7.8051,2,0.32851237474131323,6.948150819862376
0.3125054112613761,short,7.8051,1462003633,1.2500216450455044,1462014145,8.008,2,0.29646259841575806,-5.133611216799061
0.3084947080499716,long,8.008,1462014145,1.2339788321998864,1462060806,8.65,2,0.35391986266228415,14.724775961133943
0.31985099670304973,short,8.65,1462060806,1.279403986812199,1462143636,8.7911,2,0.3093501324435525,-3.2830487845083307
0.3172257806381754,long,8.7911,1462143636,1.2689031225527017,1462212445,9.72,2,0.37744829639925415,18.984117759889113
0.3322814095784451,short,9.72,1462212445,1.3291256383137804,1462215608,9.789,2,0.3273326558988229,-1.4893260763220388
0.3310442211585396,long,9.789,1462215608,1.3241768846341582,1462233642,9.899,2,0.3381039021003851,2.132549215672479
0.33280914139400086,short,9.899,1462233642,1.3312365655760037,1462294803,9.503,2,0.3601624846827698,8.218927873854968
0.3396474772161932,long,9.503,1462294803,1.3585899088647726,1462299067,9.499,2,0.339074254407278,-0.1687699298147084
0.3395041715139644,short,9.499,1462299067,1.3580166860558573,1462330868,9.47,2,0.3412881660489333,0.5254705787600418
0.3399501701477065,long,9.47,1462330868,1.3598006805908263,1462392654,9.47,2,0.3396620767831746,-0.08474576271184654
0.3398781468065736,short,9.47,1462392654,1.3595125872262943,1462460500,9.55,2,0.333916684856727,-1.753999780762395
0.3383877813191119,long,9.55,1462460500,1.3535511252764476,1462519052,9.867,2,0.3597935776126875,6.32581832893935
0.34373923039250587,short,9.867,1462519052,1.3749569215700232,1462608083,9.4,2,0.3774772985643695,9.815018243142955
0.3521737474354717,long,9.4,1462608083,1.4086949897418868,1462611600,9.2,2,0.3365988867359462,-4.422493389397027
0.34828003226059034,short,9.2,1462611600,1.3931201290423612,1462619109,9.317,2,0.3392697439220673,-2.587081515997258
0.34602746017595953,long,9.317,1462619109,1.3841098407038381,1462680188,9.29,2,0.34372752452653454,-0.6646685347617907
0.3454524762636033,short,9.29,1462680188,1.3818099050544133,1462708890,9.24,2,0.34888468459916333,0.9935399429416775
0.3463105283474933,long,9.24,1462708890,1.3852421133899733,1462795766,9.52,2,0.36634103100537296,5.783971614568047
0.35131815401196326,short,9.52,1462795766,1.405272616047853,1462854129,9.47,2,0.3547166350151081,0.9673513777568977
0.3521677742627494,long,9.47,1462854129,1.408671097050998,1462860758,9.29,2,0.3382539862046199,-3.9508975763774963
0.3486893272482171,short,9.29,1462860758,1.3947573089928684,1462868355,9.399,2,0.34033597523442216,-2.395643158830769
0.34660098924476834,long,9.399,1462868355,1.3864039569790734,1462874882,9.3543,2,0.3430024370864613,-1.0382405907577437
0.3457013512051915,short,9.3543,1462874882,1.3828054048207663,1462881627,9.464,2,0.3374234967126202,-2.3945103088873996
0.34363188758204877,long,9.464,1462881627,1.374527550328195,1463022087,9.86,2,0.37087876578337364,7.929089000746229
0.35044360713238,short,9.86,1463022087,1.40177442852952,1463054532,10.32,2,0.31901999189248653,-8.966810807886471
0.3425877033224067,long,10.32,1463054532,1.3703508132896265,1463065415,10.203,2,0.3344585337116044,-2.3728725613808708
0.34055541091970604,short,10.203,1463065415,1.3622216436788241,1463105928,10.35,2,0.33062850142435973,-2.9149175661422118
0.3380736835458695,long,10.35,1463105928,1.352294734183478,1463144430,10.823,2,0.3672685028419824,8.635637944339381
0.3453723883698977,short,10.823,1463144430,1.3814895534795908,1463176823,10.566,2,0.36181933342483275,4.762090314330567
0.34948412463363143,long,10.566,1463176823,1.3979364985345257,1463180449,10.564,2,0.34905592816902975,-0.12252243647706915
0.34937707551748104,short,10.564,1463180449,1.3975083020699242,1463235463,10.24,2,0.37110900369166866,6.220192936814558
0.35481005756102796,long,10.24,1463235463,1.4192402302441118,1463313708,10.101,2,0.34476691483378175,-2.83056878271236
0.3522992718792164,short,10.101,1463313708,1.4091970875168656,1463317204,10.11,2,0.3513757723234261,-0.2621349601048602
0.3520683969902688,long,10.11,1463317204,1.4082735879610753,1463321184,10.136,2,0.35357203856781694,0.4270879154170947
0.3524443073846559,short,10.136,1463321184,1.4097772295386235,1463360457,10.056,2,0.35773278485544036,1.5005143677956085
0.353766426752352,long,10.056,1463360457,1.415065707009408,1463379847,10.142,2,0.35945230575982245,1.6072409865650632
0.35518789650421956,short,10.142,1463379847,1.4207515860168785,1463382450,10.09,2,0.358534480938403,0.9422011468072916
0.3560245426127655,long,10.09,1463382450,1.424098170451062,1463385772,10.08,2,0.35501806645941136,-0.28269853138996864
0.3557729235744269,short,10.08,1463385772,1.4230916942977079,1463389252,10.15,2,0.35058218842447975,-1.4590023034345043
0.3544752397869402,long,10.15,1463389252,1.4179009591477607,1463461783,11.13,2,0.416453449606595,17.484496196943766
0.3699697922418539,short,11.13,1463461783,1.4798791689674156,1463468418,11.504,2,0.3456886440777527,-6.563008297777002
0.36389950520082853,long,11.504,1463468418,1.4555980208033144,1463482878,11.572,2,0.3678579332668579,1.0877805573944896
0.36488911221733594,short,11.572,1463482878,1.4595564488693438,1463486446,11.75,2,0.3535650273566857,-3.103431832163125
0.36205809100217334,long,11.75,1463486446,1.4482323640086936,1463500800,11.99,2,0.3762120657308714,3.909310434002453
0.3655965846843479,short,11.99,1463500800,1.4623863387373917,1463526592,12.174,2,0.3542758658919114,-3.0965056203166386
0.36276640498623874,long,12.174,1463526592,1.4510656199449552,1463572806,13.049,2,0.4109967655213045,13.295156296762189
0.37482399512000525,short,13.049,1463572806,1.499295980480021,1463612449,13.595,2,0.34450943000432965,-8.087679953886077
0.36724535384108636,long,13.595,1463612449,1.4689814153643455,1463616001,13.62,2,0.3682791879306917,0.28151046127398877
0.3675038123634877,short,13.62,1463616001,1.470015249453951,1463619651,13.65,2,0.36558288592519417,-0.5226956493157745
0.3670235807539143,long,13.65,1463619651,1.4680943230156573,1463623237,13.44,2,0.35526964371916137,-3.2025018693918237
0.36408509649522613,short,13.44,1463623237,1.4563403859809045,1463644803,14.05,2,0.33227787900803607,-8.73620419879151
0.3561332921234286,long,14.05,1463644803,1.4245331684937144,1463648405,13.988,2,0.352681772918066,-0.9691649957191724
0.35527041232208795,short,13.988,1463648405,1.4210816492883518,1463655602,14.135,2,0.3476069871045806,-2.1570682363944482
0.3533545560177111,long,14.135,1463655602,1.4134182240708444,1463663037,14.0,2,0.3462562047707929,-2.008846674262896
0.3515799682059815,short,14.0,1463663037,1.4063198728239261,1463673624,13.97,2,0.3527864934242553,0.3431723440986633
0.35188159951055,long,13.97,1463673624,1.4075263980422,1463709605,14.609000000000002,2,0.38229475407056346,8.643007932871932
0.35948488815055335,short,14.609000000000002,1463709605,1.4379395526022134,1463727631,14.74,2,0.35281389353895976,-1.8557093306241463
0.357817139497655,long,14.74,1463727631,1.43126855799062,1463734802,14.617,2,0.35150590197049736,-1.7638164387592121
0.35623933011586556,short,14.617,1463734802,1.4249573204634622,1463814115,13.681,2,0.4045038070764282,13.548329137286663
0.36830544935600623,long,13.681,1463814115,1.473221797424025,1463839385,13.312,2,0.3476222808024061,-5.61576500965851
0.36313465721760624,short,13.312,1463839385,1.4525386288704247,1463842881,13.533,2,0.3510100664304534,-3.3388690796007516
0.360103509520818,long,13.533,1463842881,1.440414038083272,1463904617,13.909,2,0.3792224593751341,5.309292841871297
0.364883246984397,short,13.909,1463904617,1.459532987937588,1463929233,13.973,2,0.3612437492270386,-0.9974417262061968
0.3639733725450574,long,13.973,1463929233,1.4558934901802296,1463947200,14.273,2,0.3789299523668983,4.10925110187542
0.3677125175005177,short,14.273,1463947200,1.4708500700020706,1463965252,14.148,2,0.3738746954207326,1.6758140196318498
0.36925306198057134,long,14.148,1463965252,1.4770122479222854,1463976170,14.091,2,0.3659597033756101,-0.8918974394678141
0.368429722329331,short,14.091,1463976170,1.473718889317324,1463979720,14.262,2,0.3593149913553677,-2.4739401903671228
0.3661510395858402,long,14.262,1463979720,1.4646041583433609,1464001201,14.103,2,0.3576037622655972,-2.3343583374530334
0.36401422025577945,short,14.103,1464001201,1.4560568810231178,1464120018,12.776,2,0.4390465261603631,20.612465593201605
0.38277229673192537,long,12.776,1464120018,1.5310891869277015,1464213643,12.55,2,0.3686939671449134,-3.6779907290081915
0.3792527143351724,short,12.55,1464213643,1.5170108573406895,1464231630,12.921,2,0.35723218502546517,-5.80629445152662
0.3737475820077456,long,12.921,1464231630,1.4949903280309822,1464257116,12.292,2,0.33526906901018294,-10.295320919765905
0.3641279537583549,short,12.292,1464257116,1.4565118150334195,1464274806,12.4,2,0.3574997370545341,-1.820298781076133
0.3624708995823997,long,12.4,1464274806,1.4498835983295988,1464289277,12.26,2,0.3539046189684796,-2.3633016122919863
0.36032932942891965,short,12.26,1464289277,1.4413173177156786,1464390002,11.262,2,0.4236522841363439,17.573633211535636
0.37616006810577574,long,11.262,1464390002,1.504640272423103,1464404647,10.67,2,0.3341973217150178,-11.155555825494494
0.36566938150808626,short,10.67,1464404647,1.462677526032345,1464408053,11.083,2,0.33820653528594913,-7.510294164875225
0.3588036699525519,long,11.083,1464408053,1.435214679810208,1464757200,14.133,2,0.5130052860336423,42.97659945938733
0.3973540739728246,short,14.133,1464757200,1.5894162958912983,1464818465,13.939,2,0.408037384039607,2.6886121891160113
0.4000249014895202,long,13.939,1464818465,1.6000996059580808,1464822091,13.945,2,0.40002933021524645,0.0011071125096880137
0.4000260086709517,short,13.945,1464822091,1.6001040346838071,1464850880,13.837,2,0.4059086576223543,1.470566619142365
0.4014966709088024,long,13.837,1464850880,1.6059866836352097,1464883314,13.9,2,0.40478744926865695,0.8196278072258313
0.40231936549876607,short,13.9,1464883314,1.6092774619950643,1464901802,13.978,2,0.3975048254398812,-1.1966960757447411
0.40111573048404486,long,13.978,1464901802,1.6044629219361795,1464919348,13.815,2,0.3913323989442139,-2.439029635667733
0.3986698975990871,short,13.815,1464919348,1.5946795903963484,1464926450,13.88,2,0.3946117829763671,-1.0179134785844641
0.39765536894340714,long,13.88,1464926450,1.5906214757736286,1464940817,13.75,2,0.38981650143197344,-1.971271639626548
0.3956956520655487,short,13.75,1464940817,1.5827826082621947,1464991311,13.819,2,0.3914232791258565,-1.0797118738581553
0.3946275588306257,long,13.819,1464991311,1.5785102353225027,1465023758,13.72,2,0.38861126767400944,-1.5245491659132901
0.3931234860414715,short,13.72,1465023758,1.5724939441658863,1465038209,13.761,2,0.3904563422857501,-0.6784493550812809
0.39245670010254124,long,13.761,1465038209,1.569826800410165,1465078019,13.713,2,0.38938302392962765,-0.7831886096250888
0.3916882810593128,short,13.713,1465078019,1.5667531242372514,1465106763,13.688,2,0.39278187198153525,0.2791992957422287
0.3919616787898685,long,13.688,1465106763,1.567846715159474,1465117348,13.731,2,0.3940787516345228,0.5401224046163084
0.39249094700103204,short,13.731,1465117348,1.5699637880041282,1465120859,13.81,2,0.38768429776351376,-1.2246522561208628
0.3912892846916525,long,13.81,1465120859,1.56515713876661,1465146047,13.86,2,0.3937742944123408,0.6350824870265962
0.3919105371218245,short,13.86,1465146047,1.5676421484872982,1465153710,13.9,2,0.3893310738715152,-0.6581765494882463
0.3912656713092472,long,13.9,1465153710,1.5650626852369889,1465185772,13.83,2,0.3869825198822334,-1.0946913417375927
0.39019488345249376,short,13.83,1465185772,1.560779533809975,1465243211,13.99,2,0.3809717962404666,-2.3637130067980627
0.38788911164948703,long,13.99,1465243211,1.551556446597948,1465264806,13.993,2,0.3877263278742058,-0.04196657508353214
0.38784841570566664,short,13.993,1465264806,1.5513936628226666,1465268785,14.01,2,0.38658193407480756,-0.3265403646305443
0.38753179529795184,long,14.01,1465268785,1.5501271811918074,1465297332,13.991,2,0.38615326972409925,-0.3557193475680424
0.3871871639044887,short,13.991,1465297332,1.5487486556179548,1465311678,14.29,2,0.37071561251230123,-4.254157401832329
0.3830692760564418,long,14.29,1465311678,1.5322771042257675,1465369376,14.52,2,0.39485231323904624,3.0759546429581848
0.38601503535209297,short,14.52,1465369376,1.5440601414083719,1465462807,14.502,2,0.3866426429149403,0.1625862998509629
0.38617193724280485,long,14.502,1465462807,1.5446877489712192,1465492170,14.52,2,0.3867999045577586,0.16261339947105052
0.3863289290715432,short,14.52,1465492170,1.5453157162861728,1465506476,14.509,2,0.3865851759754564,0.06632868641988972
0.3863929907975215,long,14.509,1465506476,1.545571963190086,1465520437,14.38,2,0.379149106075358,-1.8747453744468752
0.3845820196169807,short,14.38,1465520437,1.5383280784679225,1465546181,14.316,2,0.3876820688587892,0.8060827297375899
0.38535703192743276,long,14.316,1465546181,1.541428127709731,1465550244,14.25,2,0.38146910968887204,-1.0089143097025037
0.3843850513677926,short,14.25,1465550244,1.5375402054711704,1465617657,13.951,2,0.4004753319716172,4.1859797998306885
0.38840762151874875,long,13.951,1465617657,1.553630486074995,1465639210,13.859000000000002,2,0.38293369459983917,-1.4093253107406767
0.38703913978902127,short,13.859000000000002,1465639210,1.5481565591560853,1465642880,13.916,2,0.38355212953184714,-0.9009451238122662
0.3861673872247278,long,13.916,1465642880,1.5446695488989113,1465646766,13.837,2,0.3814408340411888,-1.2239648763473778
0.3849857489288431,short,13.837,1465646766,1.5399429957153723,1465650023,13.9,2,0.38118247759531254,-0.9878992518846437
0.3840349310954604,long,13.9,1465650023,1.5361397243818418,1465729202,14.311,2,0.40571667224807095,5.645773182862132
0.3894553663836131,short,14.311,1465729202,1.5578214655344524,1465736695,14.575,2,0.3750684416190899,-3.694113884760824
0.38585863519248226,long,14.575,1465736695,1.5434345407699293,1465830016,16.871,2,0.4903123602806483,27.070464559140987
0.4119720664645239,short,16.871,1465830016,1.6478882658580953,1465833666,17.186,2,0.39657630449548464,-3.7370888034140584
0.408123125972264,long,17.186,1465833666,1.632492503889056,1465837205,17.333,2,0.4146837413999145,1.6075088643950848
0.40976327982917665,short,17.333,1465837205,1.6390531193167066,1465862447,17.621,2,0.3960706475982265,-3.34159572245184
0.40634012177143913,long,17.621,1465862447,1.6253604870857565,1465866054,17.75,2,0.41188831431841844,1.3654060354148554
0.407727169908184,short,17.75,1465866054,1.630908679632736,1465876804,18.739,2,0.3645015820009596,-10.601596140124368
0.39692077293137795,long,18.739,1465876804,1.5876830917255116,1465884027,18.21,2,0.3735767809142825,-5.881272437492537
0.3910847749271041,short,18.21,1465884027,1.5643390997084161,1465941611,18.65,2,0.37236763043703136,-4.785955805505722
0.38640548880458586,long,18.65,1465941611,1.5456219552183434,1465945201,18.75,2,0.39019013087964494,0.979448321701521
0.38735164932335064,short,18.75,1465945201,1.5494065972934026,1465992048,18.246,2,0.40834421437680457,5.41951095086984
0.3925997905867141,long,18.246,1465992048,1.5703991623468565,1466028067,18.3,2,0.39457869039905424,0.5040501446480102
0.3930945155397992,short,18.3,1466028067,1.5723780621591967,1466038808,18.756,2,0.3737174176900355,-4.929373746961323
0.3882502410773583,long,18.756,1466038808,1.5530009643094331,1466096986,19.899,2,0.43242006928920085,11.376638965960563
0.3992926981303189,short,19.899,1466096986,1.5971707925212757,1466100060,20.898000000000003,2,0.36091891810415433,-9.610438709710733
0.38969925312377784,long,20.898000000000003,1466100060,1.5587970124951112,1466139603,20.665,2,0.38060157173476394,-2.3345390877934937
0.38742483277652423,short,20.665,1466139603,1.5496993311060971,1466150400,17.1,2,0.5818518413289306,50.18444666001998
0.43603158491462596,long,13.519,1466229672,1.7441263396585036,1466233206,12.8,2,0.3867901937125291,-11.293078966226316
0.4237212371141017,short,12.8,1466233206,1.6948849484564068,1466236809,13.195,2,0.3980864189890445,-6.04992525266184
0.41731253258283746,long,13.195,1466236809,1.6692501303313496,1466265600,11.03,2,0.25351602727215816,-39.25032020891089
0.37636340625516757,short,11.03,1466265600,1.5054536250206703,1466276400,12.22,2,0.3030114844611451,-19.48965297234322
0.35802542580666197,long,12.22,1466276400,1.4321017032266479,1466283706,11.395,2,0.3059999797081876,-14.53121548036891
0.3450190642820434,short,11.395,1466283706,1.3800762571281735,1466287204,11.532,2,0.33655906808184355,-2.4520373150406605
0.34290406523199335,long,11.532,1466287204,1.3716162609279736,1466294417,10.58,2,0.28104674713288946,-18.0392489827305
0.3274397357072175,short,10.58,1466294417,1.3097589428288698,1466298006,11.249,2,0.2883579851966479,-11.935555233136038
0.31766929807957506,long,11.249,1466298006,1.2706771923183002,1466377263,12.251,2,0.36924349419385427,16.235184333539234
0.3305628471081449,short,12.251,1466377263,1.3222513884325795,1466391602,12.36,2,0.3244737558367857,-1.842037399129455
0.3290405742903051,long,12.36,1466391602,1.3161622971612204,1466395204,11.41,2,0.2740967042616653,-16.69820512170758
0.31530460678314515,short,11.41,1466395204,1.2612184271325806,1466424219,11.68,2,0.3005133723298381,-4.691093671041702
0.3116067981698184,long,11.68,1466424219,1.2464271926792736,1466492583,11.712,2,0.3130415469034168,0.46043563299170565
0.311965485353218,short,11.712,1466492583,1.247861941412872,1466496035,11.75,2,0.3096906818197832,-0.7291843618082231
0.3113967844698593,long,11.75,1466496035,1.2455871378794372,1466568018,14.65,2,0.467669537673153,50.184446660019915
0.35046497277068267,short,13.322,1466589609,1.401859891082731,1466679619,13.04,2,0.3652705765780748,4.224560215060294
0.3541663737225308,long,13.04,1466679619,1.4166654948901232,1466769617,13.890999999999998,2,0.397160010749785,12.139389907449907
0.3649147829793444,short,13.890999999999998,1466769617,1.4596591319173773,1466776989,13.862,2,0.36612677890511747,0.33213122139852974
0.3652177819607876,long,13.862,1466776989,1.4608711278431503,1466780529,13.956,2,0.36981668635714793,1.2592224758799175
0.36636750805987767,short,13.956,1466780529,1.4654700322395107,1466816450,14.652,2,0.3313781445555466,-9.550345686935902
0.3576201671837949,long,14.652,1466816450,1.4304806687351797,1466834562,14.25,2,0.3371865648920376,-5.713772367109182
0.3525117666108556,short,14.25,1466834562,1.4100470664434224,1466863207,14.38,2,0.3458627328479531,-1.886187751072288
0.35084950817013,long,14.38,1466863207,1.40339803268052,1466870466,14.19,2,0.3411784103047206,-2.756480382671585
0.34843173370377767,short,14.19,1466870466,1.3937269348151107,1466931641,14.02,2,0.3565553346133068,2.3314756159481957
0.35046263393115995,long,14.02,1466931641,1.4018505357246398,1466935200,13.937,2,0.3460010381172929,-1.2730589175288354
0.3493472349776932,short,13.937,1466935200,1.3973889399107728,1466938824,13.97,2,0.3474067659173756,-0.5554556802035341
0.3488621177126138,long,13.97,1466938824,1.3954484708504553,1466946099,13.777,2,0.3388148112869529,-2.880022196602516
0.34635029110619864,short,13.777,1466946099,1.3854011644247946,1466982197,13.754,2,0.3472108918397008,0.2484769770954972
0.3465654412895741,long,13.754,1466982197,1.3862617651582967,1466985901,13.78,2,0.34757650435438703,0.2917379935664485
0.3468182070557774,short,13.78,1466985901,1.3872728282231097,1466992998,13.96,2,0.33761332724244597,-2.654093593146069
0.34451698710244455,long,13.96,1466992998,1.3780679484097782,1467000032,13.858,2,0.3391652350052796,-1.553407320253137
0.34317904907815333,short,13.858,1467000032,1.3727161963126133,1467003971,13.958,2,0.3379889266644813,-1.5123657541489488
0.34188151847473536,long,13.958,1467003971,1.3675260738989414,1467050409,13.78,2,0.3327799094461037,-2.6622114787711935
0.3396061162175774,short,13.78,1467050409,1.3584244648703097,1467054041,13.869000000000002,2,0.3349756509435735,-1.3634811191201504
0.33844849989907644,long,13.869000000000002,1467054041,1.3537939995963058,1467061554,13.84,2,0.3367466134049655,-0.502849471815787
0.3380230282755487,short,13.84,1467061554,1.3520921131021948,1467064873,13.969,2,0.3315163373301018,-1.9249253456610116
0.33639635553918695,long,13.969,1467064873,1.3455854221567478,1467075652,13.9,2,0.33277925322557955,-1.075250148834042
0.33549207996078517,short,13.9,1467075652,1.3419683198431405,1467180060,12.112,2,0.4338969898262637,29.33151503218222
0.3600933074271547,long,12.112,1467180060,1.440373229708619,1467252066,12.635,2,0.3895296940606907,8.174655298055184
0.36745240408553875,short,12.635,1467252066,1.469809616342155,1467255910,12.583,2,0.3701669140805961,0.7387378514539366
0.3681310315843031,long,12.583,1467255910,1.4725241263372124,1467274225,12.561,2,0.3665325169867124,-0.4342243550377333
0.3677314029349054,short,12.561,1467274225,1.4709256117396217,1467345718,12.31,2,0.3823608534098679,3.9782978440794623
0.371388765553646,long,12.31,1467345718,1.485555062214584,1467356406,12.239,2,0.3667750704547639,-1.2422818153921025
0.3702353417789255,short,12.239,1467356406,1.480941367115702,1467406815,12.257,2,0.3688381501457161,-0.37737932486296333
0.36988604387062307,long,12.257,1467406815,1.4795441754824925,1467482407,12.009,2,0.354330829018632,-4.2054073436282176
0.3659972401576253,short,12.009,1467482407,1.4639889606305014,1467514979,12.087,2,0.3609806635697981,-1.3706596764682486
0.36474309601066857,long,12.087,1467514979,1.4589723840426743,1467518523,12.002,2,0.3592796346837137,-1.4978930065327545
0.36337723067892985,short,12.002,1467518523,1.4535089227157194,1467522607,12.019,2,0.3620451090115797,-0.3665946996352023
0.3630442002620924,long,12.019,1467522607,1.4521768010483693,1467534103,11.986,2,0.36074209427793313,-0.634111764489639
0.3624686737660525,short,11.986,1467534103,1.44987469506421,1467536453,12.001,2,0.3612587206910949,-0.33380900544761966
0.36216618549731305,long,12.001,1467536453,1.4486647419892524,1467540019,11.942,2,0.3582889629759236,-1.070564474721843
0.36119687986696575,short,11.942,1467540019,1.444787519467863,1467544563,12.039,2,0.35509167377960593,-1.6902709928193331
0.3596705783451258,long,12.039,1467544563,1.4386823133805031,1467547553,11.912,2,0.35171428194217724,-2.2121065447043566
0.35768150424438866,short,11.912,1467547553,1.4307260169775546,1467583261,11.887,2,0.35887737884206783,0.33434063083733817
0.35798047289380847,long,11.887,1467583261,1.4319218915752339,1467586809,11.763,2,0.3501472719215253,-2.1881643177243437
0.3560221726507377,short,11.763,1467586809,1.4240886906029506,1467601203,11.708,2,0.35905313297164354,0.8513403247721988
0.3567799127309641,long,11.708,1467601203,1.4271196509238564,1467619280,11.55,2,0.3467389326088537,-2.814334485720327
0.3542696677004365,short,11.55,1467619280,1.417078670801746,1467630085,11.565,2,0.35305381888103615,-0.34319867893077505
0.35396570549558637,long,11.565,1467630085,1.4158628219823457,1467633622,11.417,2,0.3445100037853235,-2.6713609718274784
0.3516017800680207,short,11.417,1467633622,1.406407120272083,1467640879,11.473,2,0.3478840344630021,-1.0573739428450426
0.3506723436667661,long,11.473,1467640879,1.4026893746670643,1467677150,11.441,2,0.34841807901720223,-0.6428407287533391
0.35010877750437513,short,11.441,1467677150,1.4004351100175005,1467687787,11.4,2,0.35232117427725895,0.6319169683931076
0.3506618766975961,long,11.4,1467687787,1.4026475067903843,1467691319,11.165,2,0.3356375186563072,-4.284571274979398
0.3469057871872739,short,11.165,1467691319,1.3876231487490955,1467752409,10.257,2,0.40780636435387785,17.555365005694572
0.3621309314789249,long,10.257,1467752409,1.4485237259156996,1467824558,10.52,2,0.37988861562760534,4.90366400797605
0.366570352516095,short,10.52,1467824558,1.46628141006438,1467896424,10.072,2,0.3987501289139921,8.778608574593926
0.37461529661556925,long,10.072,1467896424,1.498461186462277,1467903644,10.012,2,0.36981823847614903,-1.2805291675910837
0.37341603208071417,short,10.012,1467903644,1.4936641283228567,1467910802,9.85,2,0.38533749637608605,3.1925421704430335
0.3763963981545571,long,9.85,1467910802,1.5055855926182284,1467918516,9.805,2,0.3726304879711433,-1.0005170617672736
0.37545492060870367,short,9.805,1467918516,1.5018196824348147,1467928807,9.96,2,0.3634937095827018,-3.1857915210193184
0.3724646178522032,long,9.96,1467928807,1.4898584714088128,1468029608,11.113,2,0.44925798015390894,20.617626110241147
0.39166295842762966,short,11.113,1468029608,1.5666518337105186,1468123223,10.864,2,0.4092188808086987,4.482405599842549
0.3960519390228969,long,10.864,1468123223,1.5842077560915877,1468152228,10.863,2,0.39564355321376543,-0.10311420520728347
0.39594984257061405,short,10.863,1468152228,1.5837993702824562,1468156275,10.9,2,0.3929360412272125,-0.7611573536272043
0.39519639223476366,long,10.9,1468156275,1.5807855689390546,1468166734,10.91,2,0.395584267038638,0.09814735445356797
0.3952933609357323,short,10.91,1468166734,1.581173443742929,1468188500,10.855,2,0.3989494260111526,0.9248991854469012
0.3962073772045873,long,10.855,1468188500,1.5848295088183493,1468216803,10.57,2,0.37455517477917777,-5.464866045194592
0.390794326598235,short,10.57,1468216803,1.5631773063929397,1468278641,10.501,2,0.3955799927441612,1.2245996986661094
0.3919907431347165,long,10.501,1468278641,1.567962972538866,1468346404,10.623,2,0.40064132365199856,2.206832857353752
0.39415338826403695,short,10.623,1468346404,1.576613553056148,1468350122,10.573,2,0.39753362467244124,0.8575941521882658
0.3949984473661381,long,10.573,1468350122,1.5799937894645524,1468353619,10.573,2,0.3946637029192177,-0.08474576271184707
0.394914761254408,short,10.573,1468353619,1.579659045017632,1468425794,10.529000000000002,2,0.3978686398750291,0.747978781861273
0.3956532309095633,long,10.529000000000002,1468425794,1.5826129236382531,1468429511,10.455,2,0.38973008449208035,-1.4970549852117383
0.39417244430519255,short,10.455,1468429511,1.5766897772207702,1468433467,10.491,2,0.39114309627499044,-0.7685336897514323
0.393415107297642,long,10.491,1468433467,1.573660429190568,1468501220,10.903,2,0.4227453383524644,7.455288449976157
0.4007476650613476,short,10.903,1468501220,1.6029906602453905,1468508995,11.083,2,0.3874385856087763,-3.321062257601407
0.3974203951982048,long,11.083,1468508995,1.589681580792819,1468548199,11.584,2,0.4313802276392118,8.5450653392034
0.4059103533084565,short,11.584,1468548199,1.623641413233826,1468551867,11.956,2,0.38039985242247343,-6.284762307256869
0.3995327280869607,long,11.956,1468551867,1.5981309123478429,1468562411,11.861,2,0.39280890768882104,-1.682921053885778
0.3978517729874258,short,11.861,1468562411,1.5914070919497032,1468569745,12.111,2,0.3811495687324191,-4.198097228420434
0.39367622192367413,long,12.111,1468569745,1.5747048876946965,1468580410,11.943,2,0.3822927285801967,-2.891587733659074
0.39083034858780474,short,11.943,1468580410,1.563321394351219,1468584038,12.16,2,0.3766012021439544,-3.640747576349887
0.3872730619768422,long,12.16,1468584038,1.5490922479073688,1468591424,11.929,2,0.37198087674692126,-3.9486829142883577
0.3834500156693619,short,11.929,1468591424,1.5338000626774477,1468688768,11.83,2,0.3895193877201897,1.582832651664631
0.3849673586820689,long,11.83,1468688768,1.5398694347282755,1468692116,11.961,2,0.3930540945501664,2.100628971708754
0.38698904264909323,short,11.961,1468692116,1.547956170596373,1468699229,11.97,2,0.38608127965026595,-0.23457072391850686
0.3867621018993864,long,11.97,1468699229,1.5470484075975457,1468706444,11.79,2,0.37465218260901945,-3.1311028745823943
0.38373462207679476,short,11.79,1468706444,1.5349384883071788,1468724432,11.536,2,0.4002456694826757,4.302725492039828
0.387862383928265,long,11.536,1468724432,1.5514495357130598,1468728070,11.324000000000002,2,0.3730447749757051,-3.8203263751662013
0.384157981690125,short,11.324000000000002,1468728070,1.5366319267604998,1468756820,11.517,2,0.3710042862319036,-3.4240328419966537
0.3808695578255696,long,11.517,1468756820,1.5234782313022783,1468764045,11.41,2,0.37341995524078486,-1.955945922093486
0.3790071571793734,short,11.41,1468764045,1.5160286287174936,1468793410,11.38,2,0.3806769232247784,0.4405631961759437
0.37942459869072465,long,11.38,1468793410,1.5176983947628986,1468850461,11.595,2,0.39314137775742597,3.6151528166686155
0.38285379345739995,short,11.595,1468850461,1.5314151738295998,1468922407,11.247,2,0.4061347386019982,6.080897079367386
0.38867402974354953,long,11.247,1468922407,1.5546961189741981,1468926497,11.145,2,0.38124677997792067,-1.9109199990875196
0.3868172173021423,short,11.145,1468926497,1.5472688692085692,1468933258,11.228,2,0.3807914736068436,-1.5577754623553846
0.38531078137831765,long,11.228,1468933258,1.5412431255132706,1468998003,11.694,2,0.41562194269693875,7.866678739222734
0.3928885717079729,short,11.694,1468998003,1.5715542868318917,1469001692,11.822,2,0.38407896579364253,-2.2422657589741273
0.3906861702293904,long,11.822,1469001692,1.5627446809175614,1469044817,12.661,2,0.44201385516089586,13.137830013631797
0.4035180914622667,short,12.661,1469044817,1.6140723658490668,1469145636,12.665,2,0.40292217381700923,-0.14768052730869557
0.4033691120509523,long,12.665,1469145636,1.6134764482038093,1469242826,14.508,2,0.5052723822735807,25.263032586827396
0.4288449296066094,short,14.508,1469242826,1.7153797184264377,1469329231,14.31,2,0.44030542628382197,2.6724104416310954
0.4317100537759126,long,14.31,1469329231,1.7268402151036502,1469332887,14.33,2,0.4325464569190631,0.19374187277664923
0.43191915456170016,short,14.33,1469332887,1.7276766182468006,1469408416,12.823,2,0.5327021902712183,23.333773148308296
0.4571149134890797,long,12.823,1469408416,1.828459653956319,1469494802,13.7,2,0.5151159218722579,12.688496190261313
0.47161516558487426,short,13.7,1469494802,1.886460662339497,1469506506,13.729,2,0.46923039043350845,-0.5056612520948794
0.47101897179703284,long,13.729,1469506506,1.8840758871881313,1469509245,13.637,2,0.4642792156875226,-1.4308884595023177
0.4693340327696553,short,13.637,1469509245,1.8773361310786212,1469602875,12.379,2,0.5639777173043616,20.16552773217632
0.49299495390333187,long,12.379,1469602875,1.9719798156133275,1469660441,13.0,2,0.539567961099199,9.446954137587248
0.5046382057022987,short,13.0,1469660441,2.0185528228091947,1469664025,12.81,2,0.5191254485299686,2.8708176796697695
0.5082600164092161,long,12.81,1469664025,2.0330400656368646,1469671342,12.712,2,0.5000108450164027,-1.6230219034526179
0.5061977235610128,short,12.712,1469671342,2.024790894244051,1469728857,12.89,2,0.4918396414355546,-2.8364572689998657
0.5026082030296483,long,12.89,1469728857,2.010432812118593,1469750493,12.751,2,0.4912496945625118,-2.2599130691996407
0.49976857591286417,short,12.751,1469750493,1.9990743036514567,1469754017,12.78,2,0.49708523333470334,-0.5369170266977084
0.49909774026832404,long,12.78,1469754017,1.996390961073296,1469786721,12.706,2,0.4928747414755763,-1.2468497231428335
0.4975419905701371,short,12.706,1469786721,1.9901679622805482,1469790029,12.658,2,0.5008799453292285,0.6708890550657735
0.4983764792599099,long,12.658,1469790029,1.9935059170396396,1469793661,12.694,2,0.5007743506551805,0.4811365493876103
0.4989759471087275,short,12.694,1469793661,1.9959037884349102,1469797212,12.72,2,0.4965207213446634,-0.4920529292625599
0.49836214066771156,long,12.72,1469797212,1.9934485626708462,1469800931,12.68,2,0.49480284772940264,-0.7141980997072006
0.49747231743313436,short,12.68,1469800931,1.9898892697325374,1469819119,12.86,2,0.4831756259830171,-2.8738667357181895
0.49389814457060505,long,12.86,1469819119,1.9755925782824202,1469822421,12.71,2,0.48184890390940005,-2.439620556112962
0.49088583440530376,short,12.71,1469822421,1.9635433376212152,1469829611,12.9,2,0.4760626088856037,-3.019688995030389
0.4871800280253788,long,12.9,1469829611,1.9487201121015152,1469833222,12.86,2,0.4837435199097655,-0.7053877248503058
0.4863209009964755,short,12.86,1469833222,1.9452836039859018,1469836818,12.847,2,0.4868893838076558,0.11689458750702364
0.4864630216992705,long,12.847,1469836818,1.945852086797082,1469840409,12.792,2,0.4818773055835601,-0.9426648915043895
0.48531659267034294,short,12.792,1469840409,1.9412663706813718,1469844109,12.771,2,0.4864955205872816,0.24291935094407305
0.4856113246495777,long,12.771,1469844109,1.9424452985983105,1469866305,12.652,2,0.47608600635584586,-1.9615107412508126
0.48322999507614467,short,12.652,1469866305,1.9329199803045787,1469941477,12.492,2,0.49515373298918375,2.467507819161806
0.4862109295544045,long,12.492,1469941477,1.9448437182176177,1469955976,12.329,2,0.4729724331757743,-2.7227887268521083
0.48290130545974685,short,12.329,1469955976,1.9316052218389874,1469999210,12.098,2,0.5008655966954678,3.7200751028448837
0.4873923782686771,long,12.098,1469999210,1.9495695130747084,1470034800,11.565,2,0.4421582434619715,-9.280845746375226
0.4760838445670007,short,11.565,1470034800,1.9043353782680028,1470049236,11.550999999999998,2,0.4768301979963596,0.15676932495739795
0.4762704329243404,long,11.550999999999998,1470049236,1.9050817316973616,1470088936,11.272,2,0.45234455874575175,-5.023590070809515
0.47028896437969325,short,11.272,1470088936,1.881155857518773,1470132030,10.833,2,0.5078670406072254,7.990422713213632
0.4796834834365763,long,10.833,1470132030,1.9187339337463052,1470135602,10.564,2,0.45490443351543286,-5.165708384124449
0.47348872095629047,short,10.564,1470135602,1.8939548838251619,1470139204,10.639,2,0.46643616896498896,-1.4894867985572462
0.4717255829584651,long,10.639,1470139204,1.8869023318338605,1470150044,10.31,2,0.4412893535622122,-6.452104888051572
0.4641165256094018,short,10.31,1470150044,1.8564661024376075,1470839033,11.0,2,0.40571101755974914,-12.58423366264843
0.44951514859698866,long,11.0,1470839033,1.7980605943879548,1470902509,11.651,2,0.49925110714609167,11.064356497069607
0.4619491382342645,short,11.651,1470902509,1.847796552937058,1470960015,11.715,2,0.4565288177769684,-1.1733587117435655
0.4605940581199405,long,11.715,1470960015,1.842376232479762,1471018416,11.786,2,0.4657401865816493,1.1172806880562793
0.46188059023536776,short,11.786,1471018416,1.8475223609414708,1471043247,11.69,2,0.4690474333429844,1.5516657896285477
0.46367230101227186,long,11.69,1471043247,1.8546892040490874,1471048035,11.66,2,0.4608989253447411,-0.5981327030913959
0.4629789570953891,short,11.66,1471048035,1.8519158283815567,1471100871,11.623,2,0.4655234438511231,0.5495901523683588
0.46361507878432273,long,11.623,1471100871,1.8544603151372907,1471131068,11.49,2,0.4525141127779926,-2.3944359263375907
0.46083983728274014,short,11.49,1471131068,1.8433593491309606,1471132871,11.51,2,0.45885363452145334,-0.43099632466630794
0.4603432865924184,long,11.51,1471132871,1.8413731463696739,1471136571,11.509,2,0.4598733535044459,-0.10208318480129555
0.4602258033204254,short,11.509,1471136571,1.8409032132817014,1471154409,11.619000000000002,2,0.4511535629225756,-1.9712585283996789
0.45795774322096283,long,11.619000000000002,1471154409,1.8318309728838515,1471172541,11.547,2,0.45187179556740587,-1.328932143553804
0.4564362563075737,short,11.547,1471172541,1.8257450252302947,1471244498,11.278,2,0.47774327126051186,4.6681249919332135
0.4617630100458082,long,11.278,1471244498,1.8470520401832329,1471251959,11.145,2,0.45037624019335953,-2.465933737593898
0.45891631758269613,short,11.145,1471251959,1.8356652703307843,1471255348,11.192,2,0.4546871556826877,-0.9215540476497327
0.45785902710769394,long,11.192,1471255348,1.8314361084307758,1471320505,11.134,2,0.45271184698890177,-1.1241844790758035
0.4565722320779959,short,11.134,1471320505,1.8262889283119836,1471327677,11.134,2,0.4561853064575909,-0.08474576271184388
0.45647550067289466,long,11.134,1471327677,1.8259020026915787,1471335466,11.1,2,0.4532987127825039,-0.6959383111925708
0.45568130370029697,short,11.1,1471335466,1.8227252148011879,1471338117,11.17,2,0.4496047449456899,-1.3335106587132715
0.45416216401164516,long,11.17,1471338117,1.8166486560465809,1471349593,10.954,2,0.4359077118274861,-4.0193687697179
0.44959855096560547,short,10.954,1471349593,1.7983942038624219,1471352407,10.998,2,0.4456332738142412,-0.8819595042839873
0.4486072316777644,long,10.998,1471352407,1.7944289267110576,1471384817,11.07,2,0.4540490702305835,1.2130519012069751
0.44996769131596914,short,11.07,1471384817,1.7998707652638766,1471420996,11.001,2,0.455210217217477,1.1650894059028214
0.4512783227913461,long,11.001,1471420996,1.8051132911653844,1471428786,10.964,2,0.4478571033740595,-0.7581173844391517
0.45042301793702444,short,10.964,1471428786,1.8016920717480978,1471482707,10.79,2,0.46451515775170127,3.1286455739362573
0.4539460528906936,long,10.79,1471482707,1.8157842115627745,1471557616,10.7,2,0.44594257889056377,-1.763089236962045
0.45194518439066117,short,10.7,1471557616,1.8077807375626447,1471615258,10.72,2,0.449881996214907,-0.4565129239148533
0.4514293873467226,long,10.72,1471615258,1.8057175493868904,1471716041,11.18,2,0.48810874467193566,8.125159405504384
0.4605992266780259,short,11.18,1471716041,1.8423969067121035,1471719976,11.174,2,0.46070172341828064,0.022252911928226593
0.46062485086308963,long,11.174,1471719976,1.8424994034523583,1471737783,11.212,2,0.463349576415895,0.5915281269996566
0.4613060322512909,short,11.212,1471737783,1.8452241290051636,1471825434,11.199000000000002,2,0.46198215546667565,0.14656717409158623
0.4614750630551371,long,11.199000000000002,1471825434,1.8459002522205483,1471878249,11.25,2,0.46525832426699054,0.8198192090395656
0.4624208783581004,short,11.25,1471878249,1.8496835134324017,1471881698,11.251,2,0.4619470965929544,-0.10245682825313744
0.46230243291681394,long,11.251,1471881698,1.8492097316672558,1471892640,11.25,2,0.46182865460828304,-0.10248233078543074
0.4621839883396812,short,11.25,1471892640,1.8487359533587249,1471989731,11.022,2,0.4808436304729553,4.03727576117592
0.46684889887299974,long,11.022,1471989731,1.867395595491999,1472069860,11.068,2,0.4703248343609088,0.7445525728560444
0.467717882744977,short,11.068,1472069860,1.870871530979908,1472078503,11.048,2,0.4690087099225395,0.27598414026566903
0.4680405895393676,long,11.048,1472078503,1.8721623581574705,1472080511,11.055,2,0.4682352954106608,0.04160021067505919
0.4680892660071909,short,11.055,1472080511,1.8723570640287637,1472097622,11.175,2,0.45767649034793867,-2.2245277590049
0.46548607209237786,long,11.175,1472097622,1.8619442883695114,1472101509,11.119000000000002,2,0.46041369057592796,-1.0896956580568238
0.46421797671326537,short,11.119000000000002,1472101509,1.8568719068530615,1472108908,11.18,2,0.4587774264284008,-1.171981818408778
0.4628578391420492,long,11.18,1472108908,1.8514313565681968,1472187691,11.247,2,0.467967425306405,1.1039212760935209
0.46413523568313814,short,11.247,1472187691,1.8565409427325525,1472227583,11.3,2,0.45940401826944677,-1.0193618260263562
0.4629524313297153,long,11.3,1472227583,1.8518097253188612,1472231385,11.262,2,0.4594431723033692,-0.7580171933143679
0.4620751165731288,short,11.262,1472231385,1.848300466292515,1472292046,11.155,2,0.4705155994686372,1.8266473551108462
0.4641852372970059,long,11.155,1472292046,1.8567409491880236,1472325328,11.143,2,0.46279440672131034,-0.29962835177492786
0.46383752965308195,short,11.143,1472325328,1.855350118612328,1472331939,11.151,2,0.46278134876713994,-0.22770492218082344
0.4635734844315965,long,11.151,1472331939,1.854293937726386,1472343585,11.025,2,0.45260922212170596,-2.3651616578834793
0.4608324188541239,short,11.025,1472343585,1.8433296754164956,1472357526,11.098,2,0.45440160419999653,-1.3954779201771044
0.4592247151905921,long,11.098,1472357526,1.8368988607623682,1472362916,10.961,2,0.4473825814002814,-2.5787230953795333
0.45626418174301436,short,10.961,1472362916,1.8250567269720575,1472367662,11.153,2,0.44022580987131277,-3.5151503259431895
0.4522545887750889,long,11.153,1472367662,1.8090183551003558,1472371740,11.033,2,0.4420562675152062,-2.2549956402884432
0.4497050084601183,short,11.033,1472371740,1.7988200338404732,1472378740,11.156,2,0.4394438297090142,-2.2817577207424207
0.4471397137723423,long,11.156,1472378740,1.7885588550893692,1472394282,10.989,2,0.433201906880353,-3.117103326475187
0.44365526204934497,short,10.989,1472394282,1.7746210481973799,1472403159,11.046,2,0.4387173251609231,-1.1130121314491819
0.4424207778272395,long,11.046,1472403159,1.769683111308958,1472409003,10.993,2,0.4377896915966746,-1.0467605643000104
0.44126300626959825,short,10.993,1472409003,1.765052025078393,1472432487,10.932,2,0.44579546128740866,1.0271549967733344
0.4423961200240508,long,10.932,1472432487,1.7695844800962033,1472436492,10.921,2,0.44113208125986736,-0.28572555385764736
0.442080110333005,short,10.921,1472436492,1.76832044133202,1472443623,11.12,2,0.42594078906176813,-3.6507684679773558
0.43804528001519577,long,11.12,1472443623,1.752181120060783,1472469084,11.0,2,0.4281388580169041,-2.261506389921155
0.4355686745156228,short,11.0,1472469084,1.7422746980624915,1472478002,11.024,2,0.4333099719712805,-0.518564046611961
0.4350039988795373,long,11.024,1472478002,1.7400159955181491,1472480726,10.961,2,0.42964644068505,-1.2316112514567785
0.43366460933091544,short,10.961,1472480726,1.7346584373236618,1472486474,10.9,2,0.4381331731305569,1.0304192925809237
0.43478175028082583,long,10.9,1472486474,1.7391270011233033,1472490262,10.797,2,0.426137156625066,-1.988260466354962
0.4326206018668859,short,10.797,1472490262,1.7304824074675436,1472498605,11.03,2,0.4140434092278986,-4.294107252132975
0.427976303707139,long,11.03,1472498605,1.7119052148285563,1472511872,10.962,2,0.4223162340771398,-1.3225193967450013
0.4265612862996393,short,10.962,1472511872,1.7062451451985572,1472515645,11.067,2,0.41813530863015846,-1.9753263927383178
0.42445479188226914,long,11.067,1472515645,1.6978191675290764,1472526258,10.976,2,0.41707324575715155,-1.7390653295215985
0.4226094053509897,short,10.976,1472526258,1.6904376214039587,1472533804,11.146,2,0.4094071269602473,-3.1239906692984056
0.4193088357533041,long,11.146,1472533804,1.6772353430132163,1472554832,11.164,2,0.42030247951083743,0.23697181475993453
0.4195572466926874,short,11.164,1472554832,1.6782289867707496,1472558412,11.082,2,0.4253878724902378,1.3897092336057646
0.421014903142075,long,11.082,1472558412,1.6840596125683,1472587205,11.181,2,0.42809641836536194,1.6820105821520552
0.4227852819478968,short,11.181,1472587205,1.691141127791587,1472590997,11.3,2,0.4135549349992591,-2.1832233388330673
0.4204776952107373,long,11.3,1472590997,1.6819107808429494,1472601737,11.21,2,0.4133853598264605,-1.686732843396653
0.41870461136466813,short,11.21,1472601737,1.6748184454586728,1472648822,11.481,2,0.3986558132616167,-4.788291687953268
0.4136924118389053,long,11.481,1472648822,1.6547696473556213,1472680871,11.511,2,0.415493159184501,0.4352865302970395
0.41414259867530423,short,11.511,1472680871,1.656570394701217,1472684411,11.663,2,0.403036416980729,-2.6817288851955756
0.4113660532516604,long,11.663,1472684411,1.6454642130066417,1472734825,12.024,2,0.4356613015787931,5.905992518120997
0.41743986533344357,short,12.024,1472734825,1.6697594613337743,1472821582,12.203,2,0.4048845203611424,-3.007701471509475
0.4143010290903683,long,12.203,1472821582,1.6572041163614732,1472850956,12.185,2,0.4127287313020913,-0.37950612667535666
0.41390795464329905,short,12.185,1472850956,1.6556318185731962,1472857697,12.3,2,0.40584580142621896,-1.9478130648704155
0.411892416339029,long,12.3,1472857697,1.647569665356116,1472886151,11.912,2,0.3847730727729608,-6.584084214783467
0.40511258044751197,short,11.912,1472886151,1.6204503217900479,1472932815,11.988,2,0.3996515225260553,-1.3480346414875746
0.4037473159671478,long,11.988,1472932815,1.6149892638685912,1472947433,11.751,2,0.3871569563146262,-4.109094722470308
0.3995997260540174,short,11.751,1472947433,1.5983989042160696,1472954420,11.833,2,0.3937431039649206,-1.4656221481756153
0.3981355705317432,long,11.833,1472954420,1.5925422821269728,1472959210,11.74,2,0.3915050195188432,-1.665400306745852
0.3964779327785182,short,11.74,1472959210,1.585911731114073,1472966342,11.752,2,0.395335211791523,-0.2882180551606134
0.39619225253176943,long,11.752,1472966342,1.5847690101270777,1472968809,11.644,2,0.38852403727223295,-1.9354783468214314
0.3942751987168853,short,11.644,1472968809,1.5771007948675413,1472972912,11.701,2,0.3901138143832319,-1.055451711696826
0.39323485263347197,long,11.701,1472972912,1.5729394105338879,1472976101,11.6,2,0.38606976570021256,-1.8220884759515115
0.39144358090015713,short,11.6,1472976101,1.5657743236006285,1472979605,11.7,2,0.38444502292377325,-1.787884210616026
0.3896939414060612,long,11.7,1472979605,1.5587757656242447,1473019228,11.769,2,0.3939225422131847,1.0851081728051049
0.3907510916078421,short,11.769,1473019228,1.5630043664313682,1473046940,11.87,2,0.3837946295086956,-1.7802796328789345
0.38901197608305543,long,11.87,1473046940,1.5560479043322217,1473064969,11.769,2,0.38202088371259624,-1.7971406538308148
0.3872642029904407,short,11.769,1473064969,1.5490568119617625,1473066251,11.75,2,0.3881838529901831,0.2374735368363296
0.38749411549037627,long,11.75,1473066251,1.5499764619615048,1473077370,11.813,2,0.39128924556092537,0.9794032783559412
0.38844289800801346,short,11.813,1473077370,1.5537715920320538,1473080534,11.843,2,0.3861529577470557,-0.589517860334392
0.387870412942774,long,11.843,1473080534,1.551481651771096,1473084083,11.852,2,0.3881294145360721,0.06677529005963935
0.3879351633410985,short,11.852,1473084083,1.551740653364394,1473113567,11.878,2,0.3859143087673267,-0.5209258568795821
0.38742994969765554,long,11.878,1473113567,1.5497197987906222,1473127441,11.733,2,0.37754786127573103,-2.550677465600256
0.38495942759217444,short,11.733,1473127441,1.5398377103686975,1473130976,11.719,2,0.38554959749012974,0.15330703852264665
0.38510697006666317,long,11.719,1473130976,1.540427880266653,1473145422,11.577,2,0.3753552947661687,-2.532199118288208
0.3826690512415396,short,11.577,1473145422,1.5306762049661584,1473170406,11.666,2,0.37652737870954667,-1.6049566883098498
0.3811336331085414,long,11.666,1473170406,1.5245345324341655,1473174518,11.702,2,0.3831502394823738,0.5291074307415125
0.38163778470199944,short,11.702,1473174518,1.5265511388079978,1473177757,11.669,2,0.3834650016725454,0.4787830355877152
0.38209458894463594,long,11.669,1473177757,1.5283783557785438,1473185144,11.663,2,0.381378556142268,-0.18739673973024462
0.38191558074404397,short,11.663,1473185144,1.5276623229761759,1473188928,11.720999999999998,2,0.37782604311004286,-1.0707962283271897
0.3808931963355437,long,11.720999999999998,1473188928,1.5235727853421748,1473221403,11.718,2,0.38037582778077805,-0.1358303481771489
0.3807638541968522,short,11.718,1473221403,1.523055416787409,1473228701,11.603,2,0.3879611943771817,1.8902372431098715
0.38256318924193466,long,11.603,1473228701,1.5302527569677387,1473260849,11.731,2,0.3905681243902863,2.0924478291321695
0.38456442302902255,short,11.731,1473260849,1.5382576921160902,1473315501,11.647,2,0.3897652749168672,1.3524006840986786
0.3858646360009837,long,11.647,1473315501,1.5434585440039348,1473322004,11.61,2,0.3830839030780455,-0.7206498506204361
0.38516945277024917,short,11.61,1473322004,1.5406778110809967,1473355903,11.517,2,0.391040747723719,1.524340757358039
0.38663727650861657,long,11.517,1473355903,1.5465491060344665,1473358657,11.515,2,0.38617562178283915,-0.11940253923424472
0.38652186282717227,short,11.515,1473358657,1.546087451308689,1473376800,11.492,2,0.3877357968453179,0.31406606841497525
0.3868253463317087,long,11.492,1473376800,1.5473013853268347,1473481273,11.720999999999998,2,0.40157775430478937,3.8137128585235667
0.3905134483249789,short,11.720999999999998,1473481273,1.5620537932999154,1473541253,12.04,2,0.3695650046158263,-5.364333494532986
0.3852763373976906,long,12.04,1473541253,1.5411053495907627,1473581899,11.968,2,0.3803248998844997,-1.2851652262464164
0.38403847801939295,short,11.968,1473581899,1.5361539120775718,1473586593,12.06,2,0.37787519665165736,-1.6048603774084207
0.3824976576774591,long,12.06,1473586593,1.5299906307098363,1473591747,11.954,2,0.3754057696063262,-1.854099738595811
0.3807246856596759,short,11.954,1473591747,1.5228987426387035,1473595358,12.075,2,0.372799736239227,-2.081543361633464
0.37874344830456363,long,12.075,1473595358,1.5149737932182545,1473602541,11.994000000000002,2,0.3733187431136058,-1.4322901730027022
0.3773872720068241,short,11.994000000000002,1473602541,1.5095490880272966,1473661366,11.905,2,0.3826893594600653,1.4049460187267149
0.37871279387013446,long,11.905,1473661366,1.5148511754805378,1473754493,12.115,2,0.3914905438911769,3.3739948129199138
0.38190723137539506,short,12.115,1473754493,1.5276289255015802,1473778827,12.135,2,0.38032933175126815,-0.41316306539792036
0.38151275646936333,long,12.135,1473778827,1.5260510258774533,1473793649,12.043,2,0.3753739773006044,-1.6090626236378278
0.3799780616771736,short,12.043,1473793649,1.5199122467086943,1473848039,12.088,2,0.3768373233633411,-0.8265578017766823
0.37919287709871546,long,12.088,1473848039,1.5167715083948619,1473876254,12.002,2,0.37344993170324825,-1.514518268224788
0.3777571407498487,short,12.002,1473876254,1.5110285629993947,1473883975,11.973,2,0.37926024620523235,0.3979025922316154
0.37813291711369457,long,11.973,1473883975,1.5125316684547785,1473886809,11.913,2,0.37401235078068895,-1.0897137346460293
0.3771027755304432,short,11.913,1473886809,1.508411102121773,1473897606,12.045,2,0.36854821459581144,-2.268495882216371
0.3749641352967853,long,12.045,1473897606,1.4998565411871412,1473951867,12.073,2,0.37638158959473045,0.3780239666983707
0.3753184988712716,short,12.073,1473951867,1.5012739954850864,1473980501,12.158,2,0.36977174622140296,-1.4778788326580983
0.37393181070880444,long,12.158,1473980501,1.4957272428352177,1473984485,12.0,2,0.36379087382707986,-2.7119749086075275
0.37139657648837326,short,12.0,1473984485,1.4855863059534933,1474031102,12.338,2,0.35080754404243875,-5.5436785768484516
0.3662493183768897,long,12.338,1474031102,1.4649972735075587,1474088790,12.519,2,0.37650487110038955,2.800156125600314
0.36881320655776473,short,12.519,1474088790,1.4752528262310587,1474106444,12.69,2,0.35859742523612237,-2.7699065922798862
0.3662592612273541,long,12.69,1474106444,1.4650370449094163,1474110020,12.733,2,0.3684168907121379,0.589098956174784
0.36679866859855004,short,12.733,1474110020,1.4671946743942001,1474160402,12.71,2,0.36781047505492204,0.27584790867367925
0.367051620212643,long,12.71,1474160402,1.4682064808505721,1474175422,12.717,2,0.3671437057696607,0.025087903702585915
0.36707464160189746,short,12.717,1474175422,1.4682985664075898,1474182241,12.906,2,0.356051813529741,-3.0028846514848584
0.3643189345838584,long,12.906,1474182241,1.4572757383354333,1474203723,12.9,2,0.3636720739783812,-0.17755338635255638
0.364157219432489,short,12.9,1474203723,1.456628877729956,1474218052,12.934,2,0.361941084155025,-0.608565520386409
0.363603185613123,long,12.934,1474218052,1.454412742452492,1474222331,12.7,2,0.3499271860918467,-3.761243042525947
0.3601841857328039,short,12.7,1474222331,1.4407367429312157,1474257797,12.813,2,0.35354917280902876,-1.8421166688026738
0.35852543250186014,long,12.813,1474257797,1.4341017300074406,1474286649,12.831,2,0.3592251822035235,0.19517435535336403
0.358700369927276,short,12.831,1474286649,1.434801479709104,1474290720,12.96,2,0.3512817560892427,-2.068192413500255
0.3568457164677677,long,12.96,1474290720,1.4273828658710708,1474347613,13.425,2,0.3812060411199931,6.826570567626749
0.36293579763082406,short,13.425,1474347613,1.4517431905232963,1474362020,13.982,2,0.33381767694911213,-8.022939834480228
0.355656267460396,long,13.982,1474362020,1.4226250698415843,1474398087,13.78,2,0.3449519564906276,-3.009734946105062
0.35298018971795403,short,13.78,1474398087,1.411920758871816,1474405871,14.145,2,0.33453107776983604,-5.226670642015238
0.3483679117309244,long,14.145,1474405871,1.3934716469236978,1474419601,14.22,2,0.35173893341002294,0.9676613619058778
0.34921066715069915,short,14.22,1474419601,1.3968426686027964,1474531270,13.139,2,0.4061662032124558,16.309792746731276
0.36344955116613825,long,13.139,1474531270,1.453798204664553,1474549269,12.51,2,0.326677939593526,-10.117390833096232
0.3542566482729852,short,12.51,1474549269,1.4170265930919408,1474560077,12.958,2,0.32955058499709344,-6.9740577618895125
0.34808013245401226,long,12.958,1474560077,1.392320529816049,1474567484,12.85,2,0.3419477153907966,-1.761783133091016
0.3465470281882084,short,12.85,1474567484,1.3861881127528335,1474570935,13.091,2,0.3335405150269659,-3.7531740581479385
0.3432953998978977,long,13.091,1474570935,1.373181599591591,1474661334,13.444,2,0.36099054237124695,5.154494490346245
0.3477191855162351,short,13.444,1474661334,1.3908767420649404,1474768909,12.96,2,0.37330096620166753,7.357023066602694
0.3541146306875932,long,12.96,1474768909,1.4164585227503728,1474830028,12.921,2,0.3516818104885986,-0.6870148782812879
0.35350642563784457,short,12.921,1474830028,1.414025702551378,1474837864,13.001,2,0.3488722705773093,-1.3109111247903618
0.3523478868727107,long,13.001,1474837864,1.4093915474908427,1474856421,12.937,2,0.34857120206297254,-1.0718624832004475
0.3514037156702761,short,12.937,1474856421,1.4056148626811045,1474899015,12.956,2,0.35007902378041966,-0.37697150906037097
0.351072542697812,long,12.956,1474899015,1.404290170791248,1474909663,12.867,2,0.34592960074477364,-1.464922865661187
0.3497868072095524,short,12.867,1474909663,1.3991472288382096,1474914130,12.915,2,0.34689986297606223,-0.8253439449363354
0.3490650711511798,long,12.915,1474914130,1.3962602846047194,1474917323,12.908,2,0.3483915353741991,-0.1929542176074664
0.3488966872069346,short,12.908,1474917323,1.3955867488277387,1474920262,12.927,2,0.3475791588399173,-0.37762707853854643
0.34856730511518036,long,12.927,1474920262,1.3942692204607214,1474931923,12.864,2,0.34486568450787414,-1.0619529006264832
0.3476418999633538,short,12.864,1474931923,1.3905675998534153,1474941604,12.996,2,0.34031118567225627,-2.108696993046669
0.3458092213905794,long,12.996,1474941604,1.3832368855623176,1474992114,13.137,2,0.3529221267057854,2.0568871144046788
0.3475874477193809,short,13.137,1474992114,1.3903497908775235,1475031611,13.441,2,0.331627467176157,-4.59164467760324
0.3435974525835748,long,13.441,1475031611,1.3743898103342995,1475053711,13.271,2,0.3345237852562646,-2.6407842255766467
0.3413290357517474,short,13.271,1475053711,1.3653161430069893,1475071551,13.237,2,0.3427867959492139,0.4270835600774274
0.341693475801114,long,13.237,1475071551,1.366773903204456,1475076281,13.246,2,0.34186715626408537,0.05082931787450494
0.34173689591685685,short,13.246,1475076281,1.3669475836674274,1475082032,13.258,2,0.3408309333876811,-0.2651052725065303
0.34151040528456295,long,13.258,1475082032,1.3660416211382518,1475094534,13.307,2,0.34373022838178113,0.6500015996199366
0.3420653610588675,short,13.307,1475094534,1.36826144423547,1475168302,13.18,2,0.34834347636112883,1.8353554662265052
0.3436348898844328,long,13.18,1475168302,1.3745395595377312,1475183732,13.11,2,0.3396825475615659,-1.1501574604942189
0.3426468043037161,short,13.11,1475183732,1.3705872172148643,1475187400,13.101,2,0.3428254771930008,0.05214491629298118
0.3426914725260373,long,13.101,1475187400,1.370765890104149,1475190607,13.061,2,0.3403069003054917,-0.6958364627425719
0.3420953294709009,short,13.061,1475190607,1.3683813178836035,1475204432,13.101,2,0.3397240998664868,-0.693148780511429
0.34150252206979737,long,13.101,1475204432,1.3660100882791895,1475210208,13.052,2,0.33865490992347325,-0.8338480574214076
0.3407906190332163,short,13.052,1475210208,1.3631624761328653,1475214243,13.06,2,0.3400858355255665,-0.20680836510382455
0.34061442315630397,long,13.06,1475214243,1.3624576926252157,1475280010,13.22,2,0.34855148216478615,2.3302181202232766
0.34259868790842446,short,13.22,1475280010,1.3703947516336978,1475357005,13.31,2,0.33769213571387446,-1.432157322173254
0.341372049859787,long,13.31,1475357005,1.365488199439148,1475366840,13.182,2,0.3344685300095829,-2.022286198603432
0.33964616989723595,short,13.182,1475366840,1.3585846795889438,1475371395,13.196,2,0.3386402947767819,-0.2961538240688434
0.33939470111712244,long,13.196,1475371395,1.3575788044684898,1475411880,13.181,2,0.33833640562212497,-0.31181850851356246
0.33913012724337305,short,13.181,1475411880,1.3565205089734922,1475413384,13.212,2,0.33725712269901087,-0.5522967126474247
0.3386618761072825,long,13.212,1475413384,1.35464750442913,1475432730,13.2,2,0.33776055298582164,-0.26614248164600807
0.3384365453269173,short,13.2,1475432730,1.3537461813076692,1475470875,13.2,2,0.3381497346952844,-0.08474576271183562
0.338364842669009,long,13.2,1475470875,1.3534593706760363,1475479482,13.2,2,0.33807809280234036,-0.08474576271186576
0.338293155202342,short,13.2,1475479482,1.3531726208093677,1475483341,13.17,2,0.33954201800750616,0.36916585096650784
0.33860537090363296,long,13.17,1475483341,1.3544214836145319,1475560804,13.375,2,0.3486740352877835,2.9735690125884298
0.34112253699967066,short,13.375,1475560804,1.3644901479986824,1475564545,13.499,2,0.33458940091484135,-1.9151874696674211
0.3394892529784633,long,13.499,1475564545,1.357957011913853,1475575206,13.439,2,0.33617719750509845,-0.9755995055239466
0.3386612391101221,short,13.439,1475575206,1.3546449564404883,1475667078,13.275,2,0.34671125389236446,2.3770109633434497
0.3406737428056827,long,13.275,1475667078,1.3626949712227308,1475701308,13.13,2,0.33287807712903517,-2.288308342299836
0.3387248263865208,short,13.13,1475701308,1.3548993055460832,1475712236,13.106,2,0.3396737869627313,0.28015678281805606
0.3389620665305734,long,13.106,1475712236,1.3558482661222937,1475715633,13.13,2,0.33991109875005443,0.2799818366682648
0.33919932458544366,short,13.13,1475715633,1.3567972983417746,1475777343,12.873,2,0.3524059744766519,3.893477649859383
0.3425009870582457,long,12.873,1475777343,1.3700039482329829,1475780869,12.866,2,0.34183890711606435,-0.19330745521874285
0.34233546707270046,short,12.866,1475780869,1.3693418682908016,1475788921,12.84,2,0.3434266777883148,0.318754794805593
0.34260826975160397,long,12.84,1475788921,1.3704330790064159,1475838222,12.634,2,0.33117122403853627,-3.3382281523326105
0.33974900832333704,short,12.634,1475838222,1.3589960332933482,1475845306,12.675999999999998,2,0.3372179211969386,-0.7449873478334379
0.33911623654173745,long,12.675999999999998,1475845306,1.3564649461669498,1475859804,12.73,2,0.3416992078072538,0.7616772620082057
0.33976197935811653,short,12.73,1475859804,1.3590479174324661,1475934314,12.238,2,0.36669261185544566,7.926323171358634
0.34649463748244874,long,12.238,1475934314,1.3859785499297952,1475956849,12.201,2,0.3441043528415777,-0.6898475134386806
0.34589706632223105,short,12.201,1475956849,1.3835882652889242,1475967352,12.283,2,0.34100251090297284,-1.4150323595686507
0.3446734274674165,long,12.283,1475967352,1.3786937098696659,1476029414,12.18,2,0.3385653922223353,-1.77212246675403
0.3431464186561462,short,12.18,1476029414,1.3725856746245846,1476111621,11.89,2,0.35953313501820494,4.775429808136577
0.34724309774666084,long,11.89,1476111621,1.3889723909866434,1476205683,11.931,2,0.3493298423014761,0.6009463019874656
0.3477647838853647,short,11.931,1476205683,1.3910591355414588,1476270886,11.967,2,0.3453853916813723,-0.6841958456543271
0.34716993583436656,long,11.967,1476270886,1.3886797433374662,1476295233,11.774,2,0.33552045313250733,-3.35555631390189
0.34425756515890177,short,11.774,1476295233,1.377030260635607,1476302628,11.808,2,0.3419905723248571,-0.6585164898259521
0.34369081695039067,long,11.808,1476302628,1.3747632678015624,1476342086,11.992,2,0.35392198836288236,2.9768532960159035
0.3462486098035135,short,11.992,1476342086,1.384994439214054,1476385293,12.05,2,0.34263420994442084,-1.043874186568936
0.34534500983874034,long,12.05,1476385293,1.3813800393549613,1476417817,12.099,2,0.34784310079223446,0.7233609527644875
0.34596953257711394,short,12.099,1476417817,1.3838781303084555,1476439334,12.032,2,0.3495152720887602,1.024870451809497
0.34685596745502545,long,12.032,1476439334,1.3874238698201018,1476471819,12.02,2,0.3458710694282172,-0.28395014623351966
0.34660974294832336,short,12.02,1476471819,1.3864389717932935,1476514914,11.93,2,0.35152649683992276,1.4185273182965457
0.34783893142122324,long,11.93,1476514914,1.391355725684893,1476525725,11.87,2,0.3440358194746227,-1.0933543094390097
0.34688815343457313,short,11.87,1476525725,1.3875526137382925,1476541555,11.867,2,0.34676892576024354,-0.03437063882093031
0.34685834651599073,long,11.867,1476541555,1.387433386063963,1476630824,11.935,2,0.35050770723246427,1.05211846655254
0.34777068669510913,short,11.935,1476630824,1.3910827467804365,1476635613,12.013,2,0.34297638644083106,-1.3785808976135012
0.3465721116315396,long,12.013,1476635613,1.3862884465261585,1476651694,11.98,2,0.34437350353529417,-0.6343869060598019
0.34602245960747824,short,11.98,1476651694,1.384089838429913,1476720552,12.0,2,0.3445800381330777,-0.41685776005314895
0.3456618542388781,long,12.0,1476720552,1.3826474169555123,1476817277,12.599,2,0.378160649320439,9.401903821039467
0.3537865530092683,short,12.599,1476817277,1.4151462120370732,1476922023,12.156,2,0.3791782759139797,7.177130585866605
0.3601344837354461,long,12.156,1476922023,1.4405379349417846,1476997400,12.107,2,0.35692093710618633,-0.8923185016685129
0.3593310970781312,short,12.107,1476997400,1.4373243883125248,1477005079,12.151,2,0.35643376573152286,-0.8063124428049082
0.35860676424147914,long,12.151,1477005079,1.4344270569659165,1477008486,12.13,2,0.3570640662314186,-0.43019211121787226
0.358221089738964,short,12.13,1477008486,1.432884358955856,1477037256,12.14,2,0.357329524793349,-0.24888678281467758
0.35799819850256026,long,12.14,1477037256,1.431992794010241,1477054802,12.140999999999998,2,0.3577536469242628,-0.06831084047918702
0.3579370606079859,short,12.140999999999998,1477054802,1.4317482424319437,1477073483,12.105,2,0.3597549171352046,0.5078704407224229
0.3583915247397906,long,12.105,1477073483,1.4335660989591623,1477118342,12.179,2,0.3624329046768311,1.1276438358788612
0.35940186972405075,short,12.179,1477118342,1.4376074788962028,1477128302,12.16,2,0.36021630755087375,0.22660923479566944
0.3596054791807564,long,12.16,1477128302,1.4384219167230257,1477139273,12.09,2,0.3551462154904468,-1.2400433109274667
0.358490663258179,short,12.09,1477139273,1.433962653032716,1477148422,12.3,2,0.34599056466373734,-3.4868686623058056
0.3553656386095686,long,12.3,1477148422,1.4214625544382744,1477166602,12.184,2,0.3483135195959495,-1.984468459362532
0.3536026088561638,short,12.184,1477166602,1.4144104354246552,1477182550,12.2,2,0.35237886167795374,-0.3460797934066836
0.3532966720616113,long,12.2,1477182550,1.4131866882464452,1477185543,12.171,2,0.3513175616342379,-0.5601837163720251
0.35280189445476795,short,12.171,1477185543,1.4112075778190718,1477245642,12.107,2,0.35621920457535095,0.9686201163585649
0.35365622198491375,long,12.107,1477245642,1.4146248879396548,1477254784,12.05,2,0.35001847572111244,-1.0286108479540592
0.35274678541896337,short,12.05,1477254784,1.4109871416758535,1477278834,12.12,2,0.3483881441175525,-1.2356289218154206
0.35165712509361063,long,12.12,1477278834,1.4066285003744425,1477336203,12.005,2,0.3446374402282619,-1.9961730800933088
0.3499022038772735,short,12.005,1477336203,1.3996088155090938,1477425971,11.544,2,0.3774493864764732,7.872823404353788
0.3567889995270734,long,11.544,1477425971,1.4271559981082935,1477517265,11.515999999999998,2,0.35475566436423356,-0.5698985017853756
0.3562806657363634,short,11.515999999999998,1477517265,1.4251226629454536,1477570274,11.549,2,0.35395012732887876,-0.6541299126260127
0.3556980311344923,long,11.549,1477570274,1.422792124537969,1477584348,11.45,2,0.34925991488981944,-1.8099949061113942
0.35408850207332404,short,11.45,1477584348,1.4163540082932964,1477587753,11.447,2,0.35397334423011184,-0.03252233341040609
0.35405971261252106,long,11.447,1477587753,1.4162388504500842,1477591469,11.4,2,0.3508469896682349,-0.9073957950709061
0.3532565318764495,short,11.4,1477591469,1.413026127505798,1477594934,11.46,2,0.34927169390144797,-1.1280295239934102
0.3522603223826991,long,11.46,1477594934,1.4090412895307964,1477634404,11.25,2,0.3388412293919012,-3.809425058158913
0.3489055491349997,short,11.25,1477634404,1.3956221965399986,1477699221,11.22,2,0.3504688352171508,0.44805423302287145
0.3492963706555374,long,11.22,1477699221,1.3971854826221497,1477702900,11.1,2,0.34146550952482957,-2.241895933820151
0.3473386553728604,short,11.1,1477702900,1.3893546214914418,1477713931,11.13,2,0.3451787156541921,-0.621854114207255
0.34679867044319335,long,11.13,1477713931,1.3871946817727736,1477735223,10.819,2,0.32661303186667334,-5.820564003525058
0.3417522607990634,short,10.819,1477735223,1.3670090431962536,1477785902,10.567,2,0.35770301491550827,4.667344139626121
0.34573994932817464,long,10.567,1477785902,1.3829597973126986,1477886412,11.242,2,0.38686902606239704,11.895957298004596
0.3560222185117302,short,11.242,1477886412,1.4240888740469209,1477897212,11.411,2,0.34521357289543464,-3.0359469309187097
0.3533200571076563,long,11.411,1477897212,1.4132802284306252,1477911605,11.396,2,0.35209267340149464,-0.34738579977860495
0.3530132111811159,short,11.396,1477911605,1.4120528447244636,1478008812,10.921,2,0.38330957711608993,8.582218731590267
0.3605873026648594,long,10.921,1478008812,1.4423492106594376,1478103161,10.93,2,0.3608741745513304,0.07955684638670066
0.36065902063647715,short,10.93,1478103161,1.4426360825459086,1478160012,10.96,2,0.3583862009582759,-0.6301851744038649
0.3600908157169268,long,10.96,1478160012,1.4403632628677074,1478202118,10.95,2,0.35912947846770304,-0.2669707771662474
0.359850481404621,short,10.95,1478202118,1.4394019256184838,1478203373,11.015,2,0.35531409729343855,-1.2606302744060196
0.35871638537682526,long,11.015,1478203373,1.4348655415073013,1478221984,10.943,2,0.35370294674532654,-1.3976051376165028
0.35746302571895067,short,10.943,1478221984,1.4298521028758027,1478242808,11.106,2,0.34670574476560523,-3.009340877062673
0.3547737054806143,long,11.106,1478242808,1.4190948219224573,1478253893,10.99,2,0.3470011019260799,-2.190862353793895
0.35283055459198065,short,10.99,1478253893,1.4113222183679228,1478272683,11.042,2,0.34922055767556914,-1.023153145165154
0.35192805536287786,long,11.042,1478272683,1.4077122214515114,1478276822,10.925,2,0.34410942029368075,-2.221657225120972
0.3499733965955786,short,10.925,1478276822,1.3998935863823143,1478286866,11.05,2,0.34178787025462465,-2.3388995908203105
0.3479270150103401,long,11.05,1478286866,1.3917080600413605,1478314802,11.024,2,0.34599480073876654,-0.5553504580597631
0.34744396144244677,short,11.024,1478314802,1.3897758457697869,1478362845,11.158,2,0.338834962143743,-2.4778094467270946
0.3452917116177708,long,11.158,1478362845,1.3811668464710831,1478380689,11.14,2,0.3438858341492659,-0.40715644807054396
0.34494024225064457,short,11.14,1478380689,1.3797609690025783,1478419213,11.069,2,0.34905681383565645,1.193415867673872
0.3459693851468975,long,11.069,1478419213,1.38387754058759,1478430012,11.001,2,0.3414090543046242,-1.3181313255035574
0.3448293024363292,short,11.001,1478430012,1.3793172097453168,1478484100,10.970999999999998,2,0.3464160233258853,0.46014676779072755
0.34522598265871823,long,10.970999999999998,1478484100,1.380903930634873,1478574227,10.889,2,0.3397459979147497,-1.587361617965448
0.3438559864727261,short,10.889,1478574227,1.3754239458909043,1478581220,10.907,2,0.3424337992459827,-0.4135996704120695
0.3435004396660402,long,10.907,1478581220,1.3740017586641609,1478594044,10.861,2,0.3403064018218791,-0.9298497106048647
0.34270193020499995,short,10.861,1478594044,1.3708077208199998,1478607949,10.890999999999998,2,0.3405304309210404,-0.6336408092771991
0.34215905538401004,long,10.890999999999998,1478607949,1.3686362215360401,1478613614,10.807,2,0.3365623931530479,-1.6356902273654275
0.34075988982626954,short,10.807,1478613614,1.3630395593050781,1478620807,10.924,2,0.33319853114547016,-2.2189696928985407
0.3388695501560697,long,10.924,1478620807,1.3554782006242787,1478638813,10.893,2,0.3366580899888141,-0.6525992572177368
0.3383166851142558,short,10.893,1478638813,1.353266740457023,1478642511,11.04,2,0.32905346659494583,-2.7380318284277307
0.3360008804844283,long,11.04,1478642511,1.344003521937713,1478646013,10.898,2,0.3269803060924861,-2.6846877243109653
0.3337457368864427,short,10.898,1478646013,1.3349829475457708,1478653214,10.828,2,0.33776223699627295,1.2034610980504756
0.3347498619139003,long,10.828,1478653214,1.338999447655601,1478660413,10.564,2,0.3177738036393305,-5.071266699711491
0.3305058473452578,short,10.564,1478660413,1.3220233893810311,1478696413,10.671,2,0.3236219620809211,-2.0828331237194586
0.3287848760291736,long,10.671,1478696413,1.3151395041166944,1478700012,10.588,2,0.32336346290798845,-1.6489241192177309
0.3274295227488773,short,10.588,1478700012,1.3097180909955093,1478703614,10.747,2,0.3174990130027904,-3.0328693829185247
0.3249468953123556,long,10.747,1478703614,1.2997875812494224,1478779514,10.642,2,0.3182741601473438,-2.0534848189879296
0.3232787115211026,short,10.642,1478779514,1.2931148460844106,1478791342,10.65,2,0.32252084909801515,-0.2344300432037515
0.3230892459153308,long,10.65,1478791342,1.2923569836613231,1478797342,10.527,2,0.31528283803888923,-2.416176946504528
0.32113764394622035,short,10.527,1478797342,1.2845505757848816,1478874499,10.532,2,0.32056169450850036,-0.17934659750335696
0.3209936565867904,long,10.532,1478874499,1.2839746263471616,1478880314,10.411,2,0.31327754027117827,-2.403822056067907
0.3190646275078874,short,10.411,1478880314,1.2762585100315496,1478905441,10.27,2,0.32752320662346657,2.651055111200028
0.32117927228678217,long,10.27,1478905441,1.2847170891471287,1478912473,10.302,2,0.3228977508868278,0.5350527721823878
0.3216088919367936,short,10.302,1478912473,1.2864355677471744,1478926843,10.239,2,0.32527952444983343,1.1413342743524755
0.3225265500650536,long,10.239,1478926843,1.2901062002602142,1478952195,10.212,2,0.32055168883244334,-0.6123096632546776
0.322032834756901,short,10.212,1478952195,1.288131339027604,1478988502,10.076,2,0.33042129812907683,2.6048472288573357
0.3241299505999449,long,10.076,1478988502,1.2965198023997797,1478991610,9.851,2,0.30908312217198897,-4.642220936419233
0.32036824349295595,short,9.851,1478991610,1.2814729739718238,1479002465,9.963,2,0.3129202370803523,-2.32482668425511
0.31850624188980503,long,9.963,1479002465,1.2740249675592201,1479085273,10.122,2,0.3282195461710369,3.049643304821763
0.32093456796011294,short,10.122,1479085273,1.283738271840452,1479188985,9.9521,2,0.3315802845777003,3.317098773513994
0.3235959971145098,long,9.9521,1479188985,1.2943839884580393,1479286939,10.277,2,0.3437348465320341,6.223454429937784
0.3286307094688909,short,10.277,1479286939,1.3145228378755636,1479351836,10.151,2,0.3364806202743953,2.388672324077947
0.330593187170267,long,10.151,1479351836,1.322372748681068,1479355513,10.091,2,0.32639079346123756,-1.2711676683358386
0.3295425887430096,short,10.091,1479355513,1.3181703549720385,1479380917,10.156,2,0.32506052209085756,-1.3600872255231795
0.32842207207997165,long,10.156,1479380917,1.3136882883198864,1479423649,9.9689,2,0.3158444312264278,-3.8297185003087
0.3252776618665856,short,9.9689,1479423649,1.3011106474663425,1479427579,10.0,2,0.3229861888943688,-0.7044667497507494
0.32470479362353144,long,10.0,1479427579,1.2988191744941258,1479438448,9.992,2,0.3239108816980838,-0.24450268090840666
0.32450631564216953,short,9.992,1479438448,1.2980252625686781,1479500105,9.566,2,0.3530277098582131,8.789164599031675
0.3316366641961805,long,9.566,1479500105,1.3265466567847217,1479504011,9.5704,2,0.3316598498183392,0.0069912722753052
0.3316424606017201,short,9.5704,1479504011,1.3265698424068804,1479517303,9.583,2,0.33049249725853835,-0.34674792277662064
0.33135496976592466,long,9.583,1479517303,1.3254198790636986,1479575377,9.661,2,0.33641227788022454,1.5262508716475454
0.33261929679449964,short,9.661,1479575377,1.3304771871779986,1479582042,9.69,2,0.3303538006095088,-0.6811078632008873
0.3320529227482519,long,9.69,1479582042,1.3282116909930077,1479599301,9.696,2,0.3321815259376042,0.0387297266616195
0.33208507354559,short,9.696,1479599301,1.32834029418236,1479601000,9.6739,2,0.3333153811516505,0.37047964635229647
0.33239265044710514,long,9.6739,1479601000,1.3295706017884206,1479607984,9.66,2,0.3311566040228855,-0.3718633437162434
0.33208363884105024,short,9.66,1479607984,1.328334555364201,1479694858,9.6,2,0.3359380480502183,1.1606742273180655
0.3330472411433423,long,9.6,1479694858,1.332188964573369,1479697231,9.6,2,0.33276499771864443,-0.08474576271189446
0.33297668028716776,short,9.6,1479697231,1.3319067211486713,1479700925,9.582,2,0.3339409211472498,0.28958209903783044
0.33321774050218833,long,9.582,1479700925,1.3328709620087533,1479759929,9.55,2,0.3307074467335407,-0.7533493759559169
